timestamp,loop_hz,mode,speed_pwm,steer_deg,yaw_deg,roll_deg,pitch_deg,car_x,car_y,lane_anchor,target_x,lateral_err_px,lane_confidence,active_sign,yolo_labels
20:15:57.786,1.3,MANUAL,0,0,0.0,0.0,0.0,4.17,6.89,,320.0,0.0,0.0,,
20:15:58.833,6.7,MANUAL,0,0,0.0,0.0,0.0,4.17,6.89,CENTER_DUAL,371.4,51.4,1.0,,
20:15:59.948,8.9,MANUAL,0,0,0.0,0.0,0.0,4.17,6.89,CENTER_DUAL,337.8,17.8,1.0,,
20:16:00.951,8.3,MANUAL,0,0,0.0,0.0,0.0,4.17,6.89,CENTER_DUAL,274.1,-45.9,1.0,,
20:16:02.025,9.3,MANUAL,0,0,0.0,0.0,0.0,4.17,6.89,CENTER_DUAL,233.7,-86.3,1.0,,
20:16:03.102,8.0,MANUAL,0,0,0.0,0.0,0.0,4.17,6.89,CENTER_DUAL,203.4,-116.6,1.0,,
20:16:04.187,10.4,MANUAL,0,0,0.0,0.0,0.0,4.17,6.89,LEFT_LANE_ONLY,203.8,-116.2,0.5,,
20:16:05.224,10.6,MANUAL,0,0,0.0,0.0,0.0,4.17,6.89,LEFT_LANE_ONLY,204.1,-115.9,0.5,,
20:16:06.292,10.2,MANUAL,0,0,0.0,0.0,0.0,4.17,6.89,LEFT_LANE_ONLY,204.2,-115.8,0.5,,
20:16:07.343,10.6,MANUAL,0,0,0.0,0.0,0.0,4.17,6.89,LEFT_LANE_ONLY,204.3,-115.7,0.5,,
20:16:08.410,10.3,MANUAL,0,0,0.0,0.0,0.0,4.17,6.89,LEFT_LANE_ONLY,204.4,-115.6,0.5,,
20:16:09.471,10.2,MANUAL,0,0,0.0,0.0,0.0,4.17,6.89,LEFT_LANE_ONLY,204.4,-115.6,0.5,,
20:16:10.487,7.6,MANUAL,0,0,0.0,0.0,0.0,4.17,6.89,LEFT_LANE_ONLY,204.4,-115.6,0.5,,
20:16:11.575,10.3,MANUAL,0,0,0.0,0.0,0.0,4.17,6.89,LEFT_LANE_ONLY,204.4,-115.6,0.5,,
20:16:12.623,10.5,MANUAL,0,0,0.0,0.0,0.0,4.17,6.89,LEFT_LANE_ONLY,204.5,-115.5,0.5,,
20:16:13.680,9.9,MANUAL,0,0,0.0,0.0,0.0,4.17,6.89,LEFT_LANE_ONLY,204.5,-115.5,0.5,,
20:16:14.754,10.8,MANUAL,0,0,0.0,0.0,0.0,4.17,6.89,LEFT_LANE_ONLY,204.5,-115.5,0.5,,
20:16:15.791,10.5,MANUAL,0,0,0.0,0.0,0.0,4.17,6.89,LEFT_LANE_ONLY,204.5,-115.5,0.5,,
20:16:16.829,10.6,MANUAL,0,0,0.0,0.0,0.0,4.17,6.89,LEFT_LANE_ONLY,204.5,-115.5,0.5,,
20:16:17.875,10.8,MANUAL,0,0,0.0,0.0,0.0,4.17,6.89,LEFT_LANE_ONLY,204.5,-115.5,0.5,,
20:16:18.922,10.5,MANUAL,0,0,0.0,0.0,0.0,4.17,6.89,LEFT_LANE_ONLY,204.5,-115.5,0.5,,
20:16:20.047,7.6,MANUAL,0,0,0.0,0.0,0.0,4.17,6.89,LEFT_LANE_ONLY,204.5,-115.5,0.5,,
20:16:21.051,10.9,MANUAL,0,0,0.0,0.0,0.0,4.17,6.89,LEFT_LANE_ONLY,204.5,-115.5,0.5,,
20:16:22.093,10.6,MANUAL,0,0,0.0,0.0,0.0,4.17,6.89,LEFT_LANE_ONLY,204.5,-115.5,0.5,,
20:16:23.144,10.7,MANUAL,0,0,0.0,0.0,0.0,4.17,6.89,LEFT_LANE_ONLY,204.5,-115.5,0.5,,
20:16:24.185,10.5,MANUAL,0,0,0.0,0.0,0.0,4.17,6.89,LEFT_LANE_ONLY,204.5,-115.5,0.5,,
20:16:25.229,10.9,MANUAL,0,0,0.0,0.0,0.0,4.17,6.89,LEFT_LANE_ONLY,204.5,-115.5,0.5,,
20:16:26.276,10.9,MANUAL,0,0,0.0,0.0,0.0,4.17,6.89,LEFT_LANE_ONLY,204.4,-115.6,0.5,,
20:16:27.328,10.9,MANUAL,0,0,0.0,0.0,0.0,4.17,6.89,LEFT_LANE_ONLY,204.4,-115.6,0.5,,
20:16:28.378,10.2,MANUAL,0,0,0.0,0.0,0.0,4.17,6.89,LEFT_LANE_ONLY,204.4,-115.6,0.5,,
20:16:29.444,10.4,MANUAL,0,0,0.0,0.0,0.0,4.17,6.89,LEFT_LANE_ONLY,204.5,-115.5,0.5,,
20:16:30.488,10.4,MANUAL,0,0,0.0,0.0,0.0,4.17,6.89,LEFT_LANE_ONLY,204.5,-115.5,0.5,,
20:16:31.547,10.9,MANUAL,0,0,0.0,0.0,0.0,4.17,6.89,LEFT_LANE_ONLY,204.7,-115.3,0.5,,
20:16:32.618,10.2,MANUAL,0,0,0.0,0.0,0.0,4.17,6.89,LEFT_LANE_ONLY,204.9,-115.1,0.5,,
20:16:33.685,10.9,MANUAL,0,0,0.0,0.0,0.0,4.17,6.89,LEFT_LANE_ONLY,205.1,-114.9,0.5,,
20:16:34.745,10.6,MANUAL,0,0,0.0,0.0,0.0,4.17,6.89,LEFT_LANE_ONLY,205.2,-114.8,0.5,,
20:16:35.829,10.4,MANUAL,0,0,0.0,0.0,0.0,4.17,6.89,LEFT_LANE_ONLY,205.3,-114.7,0.5,,
20:16:36.899,10.2,MANUAL,0,0,0.0,0.0,0.0,4.17,6.89,LEFT_LANE_ONLY,205.3,-114.7,0.5,,
20:16:37.993,10.0,MANUAL,0,0,0.0,0.0,0.0,4.17,6.89,LEFT_LANE_ONLY,205.4,-114.6,0.5,,
20:16:39.069,10.3,MANUAL,0,0,0.0,0.0,0.0,4.17,6.89,LEFT_LANE_ONLY,205.4,-114.6,0.5,,
20:16:40.083,10.7,MANUAL,0,0,0.0,0.0,0.0,4.17,6.89,LEFT_LANE_ONLY,205.4,-114.6,0.5,,
20:16:41.150,10.5,MANUAL,0,0,0.0,0.0,0.0,4.17,6.89,LEFT_LANE_ONLY,205.4,-114.6,0.5,,
20:16:42.194,10.6,MANUAL,0,0,0.0,0.0,0.0,4.17,6.89,LEFT_LANE_ONLY,205.4,-114.6,0.5,,
20:16:43.244,10.5,MANUAL,0,0,0.0,0.0,0.0,4.17,6.89,LEFT_LANE_ONLY,205.4,-114.6,0.5,,
20:16:44.309,9.8,MANUAL,0,0,0.0,0.0,0.0,4.17,6.89,LEFT_LANE_ONLY,205.4,-114.6,0.5,,
20:16:45.402,10.4,MANUAL,0,0,0.0,0.0,0.0,4.17,6.89,LEFT_LANE_ONLY,205.4,-114.6,0.5,,
20:16:46.432,10.8,MANUAL,0,0,0.0,0.0,0.0,4.17,6.89,LEFT_LANE_ONLY,205.4,-114.6,0.5,,
20:16:47.496,9.5,MANUAL,0,0,0.0,0.0,0.0,4.17,6.89,LEFT_LANE_ONLY,205.4,-114.6,0.5,,
20:16:48.572,9.9,MANUAL,0,0,0.0,0.0,0.0,4.17,6.89,LEFT_LANE_ONLY,205.4,-114.6,0.5,,
20:16:49.625,10.3,MANUAL,0,0,0.0,0.0,0.0,4.17,6.89,LEFT_LANE_ONLY,205.4,-114.6,0.5,,
20:16:50.676,10.6,MANUAL,0,0,0.0,0.0,0.0,4.17,6.89,LEFT_LANE_ONLY,200.3,-119.7,0.5,,
20:16:51.741,11.0,MANUAL,0,0,0.0,0.0,0.0,4.17,6.89,LEFT_LANE_ONLY,197.2,-122.8,0.5,,
20:16:52.827,10.8,MANUAL,0,0,0.0,0.0,0.0,4.17,6.89,LEFT_LANE_ONLY,219.3,-100.7,0.5,,
20:16:53.850,10.3,MANUAL,0,0,0.0,0.0,0.0,4.17,6.89,LEFT_LANE_ONLY,240.9,-79.1,0.5,,
20:16:54.850,10.9,MANUAL,0,0,0.0,0.0,0.0,4.17,6.89,LEFT_LANE_ONLY,251.5,-68.5,0.5,,
20:16:55.879,10.3,MANUAL,0,0,0.0,0.0,0.0,4.17,6.89,LEFT_LANE_ONLY,252.2,-67.8,0.5,,
20:16:56.901,10.3,MANUAL,0,0,0.0,0.0,0.0,4.17,6.89,LEFT_LANE_ONLY,252.6,-67.4,0.5,,
20:16:57.921,11.0,MANUAL,0,0,0.0,0.0,0.0,4.17,6.89,LEFT_LANE_ONLY,252.7,-67.3,0.5,,
20:16:58.939,11.2,MANUAL,0,0,0.0,0.0,0.0,4.17,6.89,LEFT_LANE_ONLY,252.9,-67.1,0.5,,
20:16:59.957,11.0,MANUAL,0,0,0.0,0.0,0.0,4.17,6.89,LEFT_LANE_ONLY,253.2,-66.8,0.5,,
20:17:00.957,10.8,MANUAL,0,0,0.0,0.0,0.0,4.17,6.89,LEFT_LANE_ONLY,253.4,-66.6,0.5,,
20:17:01.978,10.4,MANUAL,0,0,0.0,0.0,0.0,4.17,6.89,LEFT_LANE_ONLY,253.5,-66.5,0.5,,
20:17:03.004,10.7,MANUAL,0,0,0.0,0.0,0.0,4.17,6.89,LEFT_LANE_ONLY,253.4,-66.6,0.5,,
20:17:04.031,10.7,MANUAL,0,0,0.0,0.0,0.0,4.17,6.89,LEFT_LANE_ONLY,253.2,-66.8,0.5,,
20:17:05.093,11.6,MANUAL,0,0,0.0,0.0,0.0,4.17,6.89,LEFT_LANE_ONLY,230.8,-89.2,0.5,,
20:17:06.119,11.8,MANUAL,0,0,0.0,0.0,0.0,4.17,6.89,LEFT_LANE_ONLY,181.1,-138.9,0.5,,
20:17:07.150,11.0,MANUAL,0,0,0.0,0.0,0.0,4.17,6.89,LEFT_LANE_ONLY,169.0,-151.0,0.5,,
20:17:08.192,11.3,MANUAL,0,0,0.0,0.0,0.0,4.17,6.89,LEFT_LANE_ONLY,167.7,-152.3,0.5,,
20:17:09.219,11.9,MANUAL,0,0,0.0,0.0,0.0,4.17,6.89,LEFT_LANE_ONLY,166.9,-153.1,0.5,,
20:17:10.265,12.4,MANUAL,0,0,0.0,0.0,0.0,4.17,6.89,LEFT_LANE_ONLY,166.5,-153.5,0.5,,
20:17:11.351,10.4,MANUAL,0,0,0.0,0.0,0.0,4.17,6.89,LEFT_LANE_ONLY,162.1,-157.9,0.5,,
20:17:12.351,10.3,MANUAL,0,0,0.0,0.0,0.0,4.17,6.89,LEFT_LANE_ONLY,161.4,-158.6,0.5,,
20:17:13.430,10.1,MANUAL,0,0,0.0,0.0,0.0,4.17,6.89,LEFT_LANE_ONLY,160.9,-159.1,0.5,,
20:17:14.467,10.6,MANUAL,0,0,0.0,0.0,0.0,4.17,6.89,LEFT_LANE_ONLY,160.6,-159.4,0.5,,
20:17:15.528,10.3,MANUAL,0,0,0.0,0.0,0.0,4.17,6.89,LEFT_LANE_ONLY,160.3,-159.7,0.5,,
20:17:16.601,10.3,MANUAL,0,0,0.0,0.0,0.0,4.17,6.89,LEFT_LANE_ONLY,160.1,-159.9,0.5,,
20:17:17.665,9.0,MANUAL,0,0,0.0,0.0,0.0,4.17,6.89,LEFT_LANE_ONLY,159.9,-160.1,0.5,,
20:17:18.732,10.7,MANUAL,0,0,0.0,0.0,0.0,4.17,6.89,LEFT_LANE_ONLY,159.9,-160.1,0.5,,
20:17:19.785,10.3,MANUAL,0,0,0.0,0.0,0.0,4.17,6.89,LEFT_LANE_ONLY,159.8,-160.2,0.5,,
20:17:20.838,10.4,MANUAL,0,0,0.0,0.0,0.0,4.17,6.89,LEFT_LANE_ONLY,159.7,-160.3,0.5,,
20:17:21.895,10.1,MANUAL,0,0,0.0,0.0,0.0,4.17,6.89,LEFT_LANE_ONLY,159.7,-160.3,0.5,,
20:17:22.942,10.2,MANUAL,0,0,0.0,0.0,0.0,4.17,6.89,LEFT_LANE_ONLY,159.6,-160.4,0.5,,
20:17:24.009,9.6,MANUAL,0,0,0.0,0.0,0.0,4.17,6.89,LEFT_LANE_ONLY,159.5,-160.5,0.5,,
20:17:25.038,10.6,MANUAL,0,0,0.0,0.0,0.0,4.17,6.89,LEFT_LANE_ONLY,159.5,-160.5,0.5,,
20:17:26.081,10.7,MANUAL,0,0,0.0,0.0,0.0,4.17,6.89,LEFT_LANE_ONLY,159.5,-160.5,0.5,,
20:17:27.134,10.6,MANUAL,0,0,0.0,0.0,0.0,4.17,6.89,LEFT_LANE_ONLY,159.5,-160.5,0.5,,
20:17:28.188,10.1,MANUAL,0,0,0.0,0.0,0.0,4.17,6.89,LEFT_LANE_ONLY,159.5,-160.5,0.5,,
20:17:29.232,10.7,MANUAL,0,0,0.0,0.0,0.0,4.17,6.89,LEFT_LANE_ONLY,159.4,-160.6,0.5,,
20:17:30.262,10.8,MANUAL,0,0,0.0,0.0,0.0,4.17,6.89,LEFT_LANE_ONLY,159.4,-160.6,0.5,,
20:17:31.287,10.7,MANUAL,0,0,0.0,0.0,0.0,4.17,6.89,LEFT_LANE_ONLY,159.4,-160.6,0.5,,
20:17:32.353,10.7,MANUAL,0,0,0.0,0.0,0.0,4.17,6.89,LEFT_LANE_ONLY,159.4,-160.6,0.5,,
20:17:33.392,10.1,MANUAL,0,0,0.0,0.0,0.0,4.17,6.89,LEFT_LANE_ONLY,159.4,-160.6,0.5,,
20:17:34.438,10.8,MANUAL,0,0,0.0,0.0,0.0,4.17,6.89,LEFT_LANE_ONLY,159.4,-160.6,0.5,,
20:17:35.471,11.1,MANUAL,0,0,0.0,0.0,0.0,4.17,6.89,LEFT_LANE_ONLY,159.4,-160.6,0.5,,
20:17:36.512,10.4,MANUAL,0,0,0.0,0.0,0.0,4.17,6.89,LEFT_LANE_ONLY,159.4,-160.6,0.5,,
20:17:37.562,10.3,MANUAL,0,0,0.0,0.0,0.0,4.17,6.89,LEFT_LANE_ONLY,159.4,-160.6,0.5,,
20:17:38.613,10.6,MANUAL,0,0,0.0,0.0,0.0,4.17,6.89,LEFT_LANE_ONLY,159.4,-160.6,0.5,,
20:17:39.644,10.7,MANUAL,0,0,0.0,0.0,0.0,4.17,6.89,LEFT_LANE_ONLY,159.4,-160.6,0.5,,
20:17:40.658,10.7,MANUAL,0,0,0.0,0.0,0.0,4.17,6.89,LEFT_LANE_ONLY,159.4,-160.6,0.5,,
20:17:41.688,10.9,MANUAL,0,0,0.0,0.0,0.0,4.17,6.89,LEFT_LANE_ONLY,159.4,-160.6,0.5,,
20:17:42.720,10.9,MANUAL,0,0,0.0,0.0,0.0,4.17,6.89,LEFT_LANE_ONLY,159.4,-160.6,0.5,,
20:17:43.744,11.0,MANUAL,0,0,0.0,0.0,0.0,4.17,6.89,LEFT_LANE_ONLY,159.4,-160.6,0.5,,
20:17:44.772,10.8,MANUAL,0,0,0.0,0.0,0.0,4.17,6.89,LEFT_LANE_ONLY,159.4,-160.6,0.5,,
20:17:45.794,10.6,MANUAL,0,0,0.0,0.0,0.0,4.17,6.89,LEFT_LANE_ONLY,159.3,-160.7,0.5,,
20:17:46.809,10.8,MANUAL,0,0,0.0,0.0,0.0,4.17,6.89,LEFT_LANE_ONLY,159.3,-160.7,0.5,,
20:17:47.873,10.0,MANUAL,0,0,0.0,0.0,0.0,4.17,6.89,LEFT_LANE_ONLY,159.3,-160.7,0.5,,
20:17:48.911,10.7,MANUAL,0,0,0.0,0.0,0.0,4.17,6.89,LEFT_LANE_ONLY,159.3,-160.7,0.5,,
20:17:49.955,10.9,MANUAL,0,0,0.0,0.0,0.0,4.17,6.89,LEFT_LANE_ONLY,159.7,-160.3,0.5,,
20:17:51.009,10.5,MANUAL,0,0,0.0,0.0,0.0,4.17,6.89,LEFT_LANE_ONLY,160.1,-159.9,0.5,,
20:17:52.058,10.6,MANUAL,0,0,0.0,0.0,0.0,4.17,6.89,LEFT_LANE_ONLY,160.4,-159.6,0.5,,
20:17:53.123,10.0,MANUAL,0,0,0.0,0.0,0.0,4.17,6.89,LEFT_LANE_ONLY,160.5,-159.5,0.5,,
20:17:54.176,10.3,MANUAL,0,0,0.0,0.0,0.0,4.17,6.89,LEFT_LANE_ONLY,160.6,-159.4,0.5,,
20:17:55.223,10.3,MANUAL,0,0,0.0,0.0,0.0,4.17,6.89,LEFT_LANE_ONLY,160.6,-159.4,0.5,,
20:17:56.277,10.6,MANUAL,0,0,0.0,0.0,0.0,4.17,6.89,LEFT_LANE_ONLY,160.6,-159.4,0.5,,
20:17:57.330,10.0,MANUAL,0,0,0.0,0.0,0.0,4.17,6.89,LEFT_LANE_ONLY,160.7,-159.3,0.5,,
20:17:58.397,10.7,MANUAL,0,0,0.0,0.0,0.0,4.17,6.89,LEFT_LANE_ONLY,160.7,-159.3,0.5,,
20:17:59.453,10.3,MANUAL,0,0,0.0,0.0,0.0,4.17,6.89,LEFT_LANE_ONLY,160.7,-159.3,0.5,,
20:18:00.514,10.1,MANUAL,0,0,0.0,0.0,0.0,4.17,6.89,LEFT_LANE_ONLY,160.7,-159.3,0.5,,
20:18:01.564,10.2,MANUAL,0,0,0.0,0.0,0.0,4.17,6.89,LEFT_LANE_ONLY,160.6,-159.4,0.5,,
20:18:02.623,9.6,MANUAL,0,0,0.0,0.0,0.0,4.17,6.89,LEFT_LANE_ONLY,160.5,-159.5,0.5,,
20:18:03.679,10.7,MANUAL,0,0,0.0,0.0,0.0,4.17,6.89,LEFT_LANE_ONLY,160.5,-159.5,0.5,,
20:18:04.748,10.3,MANUAL,0,0,0.0,0.0,0.0,4.17,6.89,LEFT_LANE_ONLY,160.4,-159.6,0.5,,
20:18:05.807,10.2,MANUAL,0,0,0.0,0.0,0.0,4.17,6.89,LEFT_LANE_ONLY,160.4,-159.6,0.5,,
20:18:06.857,10.8,MANUAL,0,0,0.0,0.0,0.0,4.17,6.89,LEFT_LANE_ONLY,160.4,-159.6,0.5,,
20:18:07.914,10.3,MANUAL,0,0,0.0,0.0,0.0,4.17,6.89,LEFT_LANE_ONLY,160.3,-159.7,0.5,,
20:18:08.964,10.7,MANUAL,0,0,0.0,0.0,0.0,4.17,6.89,LEFT_LANE_ONLY,160.2,-159.8,0.5,,
20:18:10.011,10.4,MANUAL,0,0,0.0,0.0,0.0,4.17,6.89,LEFT_LANE_ONLY,160.5,-159.5,0.5,,
20:18:11.060,10.8,MANUAL,0,0,0.0,0.0,0.0,4.17,6.89,LEFT_LANE_ONLY,160.8,-159.2,0.5,,
20:18:12.094,10.3,MANUAL,0,0,0.0,0.0,0.0,4.17,6.89,LEFT_LANE_ONLY,161.0,-159.0,0.5,,
20:18:13.129,10.3,MANUAL,0,0,0.0,0.0,0.0,4.17,6.89,LEFT_LANE_ONLY,161.3,-158.7,0.5,,
20:18:14.166,10.7,MANUAL,0,0,0.0,0.0,0.0,4.17,6.89,LEFT_LANE_ONLY,161.6,-158.4,0.5,,
20:18:15.227,10.5,MANUAL,0,0,0.0,0.0,0.0,4.17,6.89,LEFT_LANE_ONLY,161.8,-158.2,0.5,,
20:18:16.269,10.8,MANUAL,0,0,0.0,0.0,0.0,4.17,6.89,LEFT_LANE_ONLY,161.9,-158.1,0.5,,
20:18:17.320,10.2,MANUAL,0,0,0.0,0.0,0.0,4.17,6.89,LEFT_LANE_ONLY,162.0,-158.0,0.5,,
20:18:18.371,10.6,MANUAL,0,0,0.0,0.0,0.0,4.17,6.89,LEFT_LANE_ONLY,161.9,-158.1,0.5,,
20:18:19.420,10.5,MANUAL,0,0,0.0,0.0,0.0,4.17,6.89,LEFT_LANE_ONLY,162.3,-157.7,0.5,,
20:18:20.466,10.0,MANUAL,0,0,0.0,0.0,0.0,4.17,6.89,LEFT_LANE_ONLY,163.1,-156.9,0.5,,
20:18:21.494,10.2,MANUAL,0,0,0.0,0.0,0.0,4.17,6.89,LEFT_LANE_ONLY,164.0,-156.0,0.5,,
20:18:22.550,10.4,MANUAL,0,0,0.0,0.0,0.0,4.17,6.89,LEFT_LANE_ONLY,164.8,-155.2,0.5,,
20:18:23.598,10.4,MANUAL,0,0,0.0,0.0,0.0,4.17,6.89,LEFT_LANE_ONLY,165.3,-154.7,0.5,,
20:18:24.670,10.5,MANUAL,0,0,0.0,0.0,0.0,4.17,6.89,LEFT_LANE_ONLY,165.7,-154.3,0.5,,
20:18:25.762,10.2,MANUAL,0,0,0.0,0.0,0.0,4.17,6.89,LEFT_LANE_ONLY,166.0,-154.0,0.5,,
20:18:26.817,10.4,MANUAL,0,0,0.0,0.0,0.0,4.17,6.89,LEFT_LANE_ONLY,166.1,-153.9,0.5,,
20:18:27.869,10.5,MANUAL,0,0,0.0,0.0,0.0,4.17,6.89,LEFT_LANE_ONLY,165.9,-154.1,0.5,,
20:18:28.908,10.8,MANUAL,0,0,0.0,0.0,0.0,4.17,6.89,LEFT_LANE_ONLY,165.4,-154.6,0.5,,
20:18:29.991,10.4,MANUAL,0,0,0.0,0.0,0.0,4.17,6.89,LEFT_LANE_ONLY,165.0,-155.0,0.5,,
20:18:31.038,10.4,MANUAL,0,0,0.0,0.0,0.0,4.17,6.89,LEFT_LANE_ONLY,164.7,-155.3,0.5,,
20:18:32.090,10.2,MANUAL,0,0,0.0,0.0,0.0,4.17,6.89,LEFT_LANE_ONLY,164.5,-155.5,0.5,,
20:18:33.115,9.5,MANUAL,0,0,0.0,0.0,0.0,4.17,6.89,LEFT_LANE_ONLY,164.4,-155.6,0.5,,
20:18:34.119,9.6,MANUAL,0,0,0.0,0.0,0.0,4.17,6.89,LEFT_LANE_ONLY,164.3,-155.7,0.5,,
20:18:35.123,10.1,MANUAL,0,0,0.0,0.0,0.0,4.17,6.89,LEFT_LANE_ONLY,164.3,-155.7,0.5,,
20:18:36.218,10.2,MANUAL,0,0,0.0,0.0,0.0,4.17,6.89,LEFT_LANE_ONLY,164.3,-155.7,0.5,,
20:18:37.233,9.9,MANUAL,0,0,0.0,0.0,0.0,4.17,6.89,LEFT_LANE_ONLY,164.2,-155.8,0.5,,
20:18:38.247,9.6,MANUAL,0,0,0.0,0.0,0.0,4.17,6.89,LEFT_LANE_ONLY,164.2,-155.8,0.5,,
20:18:39.347,9.8,MANUAL,0,0,0.0,0.0,0.0,4.17,6.89,LEFT_LANE_ONLY,164.2,-155.8,0.5,,
20:18:40.347,10.1,MANUAL,0,0,0.0,0.0,0.0,4.17,6.89,LEFT_LANE_ONLY,164.3,-155.7,0.5,,
20:18:41.351,10.0,MANUAL,0,0,0.0,0.0,0.0,4.17,6.89,LEFT_LANE_ONLY,164.3,-155.7,0.5,,
20:18:42.373,10.2,MANUAL,0,0,0.0,0.0,0.0,4.17,6.89,LEFT_LANE_ONLY,164.3,-155.7,0.5,,
20:18:43.429,10.3,MANUAL,0,0,0.0,0.0,0.0,4.17,6.89,LEFT_LANE_ONLY,164.3,-155.7,0.5,,
20:18:44.494,10.6,MANUAL,0,0,0.0,0.0,0.0,4.17,6.89,LEFT_LANE_ONLY,164.3,-155.7,0.5,,
20:18:45.504,9.1,MANUAL,0,0,0.0,0.0,0.0,4.17,6.89,LEFT_LANE_ONLY,164.4,-155.6,0.5,,
20:18:46.556,10.9,MANUAL,0,0,0.0,0.0,0.0,4.17,6.89,LEFT_LANE_ONLY,164.4,-155.6,0.5,,
20:18:47.647,10.4,MANUAL,0,0,0.0,0.0,0.0,4.17,6.89,LEFT_LANE_ONLY,153.2,-166.8,0.5,,
20:18:48.676,10.7,MANUAL,0,0,0.0,0.0,0.0,4.17,6.89,LEFT_LANE_ONLY,150.4,-169.6,0.5,,
20:18:49.718,10.8,MANUAL,0,0,0.0,0.0,0.0,4.17,6.89,LEFT_LANE_ONLY,151.2,-168.8,0.5,,
20:18:50.793,10.9,MANUAL,0,0,0.0,0.0,0.0,4.17,6.89,LEFT_LANE_ONLY,152.6,-167.4,0.5,,
20:18:51.865,10.6,MANUAL,0,0,0.0,0.0,0.0,4.17,6.89,LEFT_LANE_ONLY,150.9,-169.1,0.5,,
20:18:52.895,10.7,MANUAL,0,0,0.0,0.0,0.0,4.17,6.89,LEFT_LANE_ONLY,155.4,-164.6,0.5,,
20:18:53.953,10.4,MANUAL,0,0,0.0,0.0,0.0,4.17,6.89,LEFT_LANE_ONLY,161.8,-158.2,0.5,,
20:18:54.988,10.4,MANUAL,0,0,0.0,0.0,0.0,4.17,6.89,LEFT_LANE_ONLY,166.5,-153.5,0.5,,
20:18:56.035,10.5,MANUAL,0,0,0.0,0.0,0.0,4.17,6.89,LEFT_LANE_ONLY,167.3,-152.7,0.5,,
20:18:57.118,11.3,MANUAL,0,0,0.0,0.0,0.0,4.17,6.89,LEFT_LANE_ONLY,282.5,-37.5,0.5,,
20:18:58.156,9.9,MANUAL,0,0,0.0,0.0,0.0,4.17,6.89,LEFT_LANE_ONLY,371.6,51.6,0.5,,
20:18:59.161,9.7,MANUAL,0,0,0.0,0.0,0.0,4.17,6.89,LEFT_LANE_ONLY,395.6,75.6,0.5,,
20:19:00.177,10.4,MANUAL,0,0,0.0,0.0,0.0,4.17,6.89,LEFT_LANE_ONLY,414.8,94.8,0.5,,
20:19:01.271,10.4,MANUAL,0,0,0.0,0.0,0.0,4.17,6.89,LEFT_LANE_ONLY,431.1,111.1,0.5,,
20:19:02.326,10.8,MANUAL,0,0,0.0,0.0,0.0,4.17,6.89,LEFT_LANE_ONLY,446.0,126.0,0.5,,
20:19:03.361,10.4,MANUAL,0,0,0.0,0.0,0.0,4.17,6.89,LEFT_LANE_ONLY,457.3,137.3,0.5,,
20:19:04.400,10.4,MANUAL,0,0,0.0,0.0,0.0,4.17,6.89,LEFT_LANE_ONLY,460.7,140.7,0.5,,
20:19:05.441,10.6,MANUAL,0,0,0.0,0.0,0.0,4.17,6.89,LEFT_LANE_ONLY,462.5,142.5,0.5,,
20:19:06.495,12.4,MANUAL,0,0,0.0,0.0,0.0,4.17,6.89,LEFT_LANE_ONLY,630.4,310.4,0.5,,
20:19:07.596,11.8,MANUAL,0,0,0.0,0.0,0.0,4.17,6.89,RIGHT_LANE_ONLY,416.3,96.3,0.5,,
20:19:08.635,10.3,MANUAL,0,0,0.0,0.0,0.0,4.17,6.89,RIGHT_LANE_ONLY,166.1,-153.9,0.5,,
20:19:09.702,10.3,MANUAL,0,0,0.0,0.0,0.0,4.17,6.89,RIGHT_LANE_ONLY,102.2,-217.8,0.5,,
20:19:10.726,10.7,MANUAL,0,0,0.0,0.0,0.0,4.17,6.89,RIGHT_LANE_ONLY,98.5,-221.5,0.5,,
20:19:11.778,10.3,MANUAL,0,0,0.0,0.0,0.0,4.17,6.89,RIGHT_LANE_ONLY,97.2,-222.8,0.5,,
20:19:12.843,10.8,MANUAL,0,0,0.0,0.0,0.0,4.17,6.89,RIGHT_LANE_ONLY,96.4,-223.6,0.5,,
20:19:13.900,10.3,MANUAL,0,0,0.0,0.0,0.0,4.17,6.89,RIGHT_LANE_ONLY,91.6,-228.4,0.5,,
20:19:14.976,10.6,MANUAL,0,0,0.0,0.0,0.0,4.17,6.89,RIGHT_LANE_ONLY,72.8,-247.2,0.5,,
20:19:16.022,9.8,MANUAL,0,0,0.0,0.0,0.0,4.17,6.89,RIGHT_LANE_ONLY,71.2,-248.8,0.5,,
20:19:17.064,10.4,MANUAL,0,0,0.0,0.0,0.0,4.17,6.89,RIGHT_LANE_ONLY,70.3,-249.7,0.5,,
20:19:18.106,10.3,MANUAL,0,0,0.0,0.0,0.0,4.17,6.89,RIGHT_LANE_ONLY,69.9,-250.1,0.5,,
20:19:19.155,10.9,MANUAL,0,0,0.0,0.0,0.0,4.17,6.89,RIGHT_LANE_ONLY,69.6,-250.4,0.5,,
20:19:20.228,9.7,MANUAL,0,0,0.0,0.0,0.0,4.17,6.89,RIGHT_LANE_ONLY,69.5,-250.5,0.5,,
20:19:21.318,10.2,MANUAL,0,0,0.0,0.0,0.0,4.17,6.89,RIGHT_LANE_ONLY,69.5,-250.5,0.5,,
20:19:22.414,9.0,MANUAL,0,0,0.0,0.0,0.0,4.17,6.89,RIGHT_LANE_ONLY,69.4,-250.6,0.5,,
20:19:23.492,10.0,MANUAL,0,0,0.0,0.0,0.0,4.17,6.89,RIGHT_LANE_ONLY,69.4,-250.6,0.5,,
20:19:24.591,9.2,MANUAL,0,0,0.0,0.0,0.0,4.17,6.89,RIGHT_LANE_ONLY,69.4,-250.6,0.5,,
20:19:25.681,10.0,MANUAL,0,0,0.0,0.0,0.0,4.17,6.89,RIGHT_LANE_ONLY,69.4,-250.6,0.5,,
20:19:26.773,10.3,MANUAL,0,0,0.0,0.0,0.0,4.17,6.89,RIGHT_LANE_ONLY,69.4,-250.6,0.5,,
20:19:27.863,10.2,MANUAL,0,0,0.0,0.0,0.0,4.17,6.89,RIGHT_LANE_ONLY,69.4,-250.6,0.5,,
20:19:28.950,10.9,MANUAL,0,0,0.0,0.0,0.0,4.17,6.89,RIGHT_LANE_ONLY,69.4,-250.6,0.5,,
20:19:30.008,10.4,MANUAL,0,0,0.0,0.0,0.0,4.17,6.89,RIGHT_LANE_ONLY,69.4,-250.6,0.5,,
20:19:31.070,9.9,MANUAL,0,0,0.0,0.0,0.0,4.17,6.89,RIGHT_LANE_ONLY,69.4,-250.6,0.5,,
20:19:32.160,8.3,MANUAL,0,0,0.0,0.0,0.0,4.17,6.89,RIGHT_LANE_ONLY,69.4,-250.6,0.5,,
20:19:33.218,11.5,MANUAL,0,0,0.0,0.0,0.0,4.17,6.89,RIGHT_LANE_ONLY,43.7,-276.3,0.5,,
20:19:34.276,11.1,MANUAL,0,0,0.0,0.0,0.0,4.17,6.89,RIGHT_LANE_ONLY,57.9,-262.1,0.5,,
20:19:35.316,10.3,MANUAL,0,0,0.0,0.0,0.0,4.17,6.89,RIGHT_LANE_ONLY,51.0,-269.0,0.5,,
20:19:36.349,10.5,MANUAL,0,0,0.0,0.0,0.0,4.17,6.89,RIGHT_LANE_ONLY,42.5,-277.5,0.5,,
20:19:37.371,10.9,MANUAL,0,0,0.0,0.0,0.0,4.17,6.89,RIGHT_LANE_ONLY,29.3,-290.7,0.5,,
20:19:38.374,11.4,MANUAL,0,0,0.0,0.0,0.0,4.17,6.89,RIGHT_LANE_ONLY,28.4,-291.6,0.5,,
20:19:39.419,11.0,MANUAL,0,0,0.0,0.0,0.0,4.17,6.89,RIGHT_LANE_ONLY,24.5,-295.5,0.5,,
20:19:40.492,11.5,MANUAL,0,0,0.0,0.0,0.0,4.17,6.89,RIGHT_LANE_ONLY,17.8,-302.2,0.5,,
20:19:41.539,11.6,MANUAL,0,0,0.0,0.0,0.0,4.17,6.89,RIGHT_LANE_ONLY,128.6,-191.4,0.5,,
20:19:42.603,10.8,MANUAL,0,0,0.0,0.0,0.0,4.17,6.89,RIGHT_LANE_ONLY,120.1,-199.9,0.5,,
20:19:43.660,11.3,MANUAL,0,0,0.0,0.0,0.0,4.17,6.89,RIGHT_LANE_ONLY,100.5,-219.5,0.5,,
20:19:44.705,11.0,MANUAL,0,0,0.0,0.0,0.0,4.17,6.89,RIGHT_LANE_ONLY,91.1,-228.9,0.5,,
20:19:45.751,11.7,MANUAL,0,0,0.0,0.0,0.0,4.17,6.89,RIGHT_LANE_ONLY,64.0,-256.0,0.5,,
20:19:46.792,10.3,MANUAL,0,0,0.0,0.0,0.0,4.17,6.89,RIGHT_LANE_ONLY,55.1,-264.9,0.5,,
20:19:47.796,9.8,MANUAL,0,0,0.0,0.0,0.0,4.17,6.89,RIGHT_LANE_ONLY,45.7,-274.3,0.5,,
20:19:48.860,10.1,MANUAL,0,0,0.0,0.0,0.0,4.17,6.89,RIGHT_LANE_ONLY,44.0,-276.0,0.5,,
20:19:49.940,10.5,MANUAL,0,0,0.0,0.0,0.0,4.17,6.89,RIGHT_LANE_ONLY,43.0,-277.0,0.5,,
20:19:51.018,9.8,MANUAL,0,0,0.0,0.0,0.0,4.17,6.89,RIGHT_LANE_ONLY,42.5,-277.5,0.5,,
20:19:52.094,10.2,MANUAL,0,0,0.0,0.0,0.0,4.17,6.89,RIGHT_LANE_ONLY,42.3,-277.7,0.5,,
20:19:53.180,10.5,MANUAL,0,0,0.0,0.0,0.0,4.17,6.89,RIGHT_LANE_ONLY,42.2,-277.8,0.5,,
20:19:54.252,9.9,MANUAL,0,0,0.0,0.0,0.0,4.17,6.89,RIGHT_LANE_ONLY,42.1,-277.9,0.5,,
20:19:55.337,10.3,MANUAL,0,0,0.0,0.0,0.0,4.17,6.89,RIGHT_LANE_ONLY,42.1,-277.9,0.5,,
20:19:56.411,10.3,MANUAL,0,0,0.0,0.0,0.0,4.17,6.89,RIGHT_LANE_ONLY,42.1,-277.9,0.5,,
20:19:57.468,10.4,MANUAL,0,0,0.0,0.0,0.0,4.17,6.89,RIGHT_LANE_ONLY,42.1,-277.9,0.5,,
20:19:58.507,10.7,MANUAL,0,0,0.0,0.0,0.0,4.17,6.89,RIGHT_LANE_ONLY,42.1,-277.9,0.5,,
20:19:59.584,10.3,MANUAL,0,0,0.0,0.0,0.0,4.17,6.89,RIGHT_LANE_ONLY,42.1,-277.9,0.5,,
20:20:00.659,10.1,MANUAL,0,0,0.0,0.0,0.0,4.17,6.89,RIGHT_LANE_ONLY,42.1,-277.9,0.5,,
20:20:01.721,10.6,MANUAL,0,0,0.0,0.0,0.0,4.17,6.89,RIGHT_LANE_ONLY,42.1,-277.9,0.5,,
20:20:02.808,10.5,MANUAL,0,0,0.0,0.0,0.0,4.17,6.89,RIGHT_LANE_ONLY,42.1,-277.9,0.5,,
20:20:03.837,10.7,MANUAL,0,0,0.0,0.0,0.0,4.17,6.89,RIGHT_LANE_ONLY,42.1,-277.9,0.5,,
20:20:04.874,10.8,MANUAL,0,0,0.0,0.0,0.0,4.17,6.89,RIGHT_LANE_ONLY,42.1,-277.9,0.5,,
20:20:05.918,10.6,MANUAL,0,0,0.0,0.0,0.0,4.17,6.89,RIGHT_LANE_ONLY,42.1,-277.9,0.5,,
20:20:06.943,10.5,MANUAL,0,0,0.0,0.0,0.0,4.17,6.89,RIGHT_LANE_ONLY,42.1,-277.9,0.5,,
20:20:07.976,10.4,MANUAL,0,0,0.0,0.0,0.0,4.17,6.89,RIGHT_LANE_ONLY,42.1,-277.9,0.5,,
20:20:09.000,10.5,MANUAL,0,0,0.0,0.0,0.0,4.17,6.89,RIGHT_LANE_ONLY,17.8,-302.2,0.5,,
20:20:10.037,12.8,MANUAL,0,0,0.0,0.0,0.0,4.17,6.89,RIGHT_LANE_ONLY,-53.1,-373.1,0.5,,
20:20:11.053,11.6,MANUAL,0,0,0.0,0.0,0.0,4.17,6.89,RIGHT_LANE_ONLY,-31.2,-351.2,0.5,,
20:20:12.074,12.1,MANUAL,0,0,0.0,0.0,0.0,4.17,6.89,RIGHT_LANE_ONLY,-32.4,-352.4,0.5,,
20:20:13.122,11.7,MANUAL,0,0,0.0,0.0,0.0,4.17,6.89,RIGHT_LANE_ONLY,-32.0,-352.0,0.5,,
20:20:14.143,11.1,MANUAL,0,0,0.0,0.0,0.0,4.17,6.89,RIGHT_LANE_ONLY,0.4,-319.6,0.5,,
20:20:15.243,10.4,MANUAL,0,0,0.0,0.0,0.0,4.17,6.89,RIGHT_LANE_ONLY,7.1,-312.9,0.5,,
20:20:16.259,11.2,MANUAL,0,0,0.0,0.0,0.0,4.17,6.89,RIGHT_LANE_ONLY,20.4,-299.6,0.5,,
20:20:17.291,10.3,MANUAL,0,0,0.0,0.0,0.0,4.17,6.89,RIGHT_LANE_ONLY,25.6,-294.4,0.5,,
20:20:18.362,10.2,MANUAL,0,0,0.0,0.0,0.0,4.17,6.89,RIGHT_LANE_ONLY,25.6,-294.4,0.5,,
20:20:19.427,9.6,MANUAL,0,0,0.0,0.0,0.0,4.17,6.89,RIGHT_LANE_ONLY,25.7,-294.3,0.5,,
20:20:20.468,10.4,MANUAL,0,0,0.0,0.0,0.0,4.17,6.89,RIGHT_LANE_ONLY,26.0,-294.0,0.5,,
20:20:21.563,9.6,MANUAL,0,0,0.0,0.0,0.0,4.17,6.89,RIGHT_LANE_ONLY,26.1,-293.9,0.5,,
20:20:22.661,10.0,MANUAL,0,0,0.0,0.0,0.0,4.17,6.89,RIGHT_LANE_ONLY,25.9,-294.1,0.5,,
20:20:23.663,9.6,MANUAL,0,0,0.0,0.0,0.0,4.17,6.89,RIGHT_LANE_ONLY,25.6,-294.4,0.5,,
20:20:24.671,9.9,MANUAL,0,0,0.0,0.0,0.0,4.17,6.89,RIGHT_LANE_ONLY,26.1,-293.9,0.5,,
20:20:25.701,10.1,MANUAL,0,0,0.0,0.0,0.0,4.17,6.89,RIGHT_LANE_ONLY,28.0,-292.0,0.5,,
20:20:26.721,10.1,MANUAL,0,0,0.0,0.0,0.0,4.17,6.89,RIGHT_LANE_ONLY,26.9,-293.1,0.5,,
20:20:27.779,9.6,MANUAL,0,0,0.0,0.0,0.0,4.17,6.89,RIGHT_LANE_ONLY,22.1,-297.9,0.5,,
20:20:28.795,9.3,MANUAL,0,0,0.0,0.0,0.0,4.17,6.89,RIGHT_LANE_ONLY,23.4,-296.6,0.5,,
20:20:29.826,10.0,MANUAL,0,0,0.0,0.0,0.0,4.17,6.89,RIGHT_LANE_ONLY,11.5,-308.5,0.5,,
20:20:30.850,9.7,MANUAL,0,0,0.0,0.0,0.0,4.17,6.89,RIGHT_LANE_ONLY,12.5,-307.5,0.5,,
20:20:31.949,9.4,MANUAL,0,0,0.0,0.0,0.0,4.17,6.89,RIGHT_LANE_ONLY,12.7,-307.3,0.5,,
20:20:33.045,10.3,MANUAL,0,0,0.0,0.0,0.0,4.17,6.89,RIGHT_LANE_ONLY,15.6,-304.4,0.5,,
20:20:34.148,10.1,MANUAL,0,0,0.0,0.0,0.0,4.17,6.89,RIGHT_LANE_ONLY,19.5,-300.5,0.5,,
20:20:35.237,10.1,MANUAL,0,0,0.0,0.0,0.0,4.17,6.89,RIGHT_LANE_ONLY,20.1,-299.9,0.5,,
20:20:36.280,10.3,MANUAL,0,0,0.0,0.0,0.0,4.17,6.89,RIGHT_LANE_ONLY,20.3,-299.7,0.5,,
20:20:37.366,10.3,MANUAL,0,0,0.0,0.0,0.0,4.17,6.89,RIGHT_LANE_ONLY,20.5,-299.5,0.5,,
20:20:38.413,9.6,MANUAL,0,0,0.0,0.0,0.0,4.17,6.89,RIGHT_LANE_ONLY,19.9,-300.1,0.5,,
20:20:39.490,10.1,MANUAL,0,0,0.0,0.0,0.0,4.17,6.89,RIGHT_LANE_ONLY,19.2,-300.8,0.5,,
20:20:40.582,10.0,MANUAL,0,0,0.0,0.0,0.0,4.17,6.89,RIGHT_LANE_ONLY,18.7,-301.3,0.5,,
20:20:41.583,10.0,MANUAL,0,0,0.0,0.0,0.0,4.17,6.89,RIGHT_LANE_ONLY,18.5,-301.5,0.5,,
20:20:42.683,9.3,MANUAL,0,0,0.0,0.0,0.0,4.17,6.89,RIGHT_LANE_ONLY,18.4,-301.6,0.5,,
20:20:43.774,10.1,MANUAL,0,0,0.0,0.0,0.0,4.17,6.89,RIGHT_LANE_ONLY,18.4,-301.6,0.5,,
20:20:44.866,10.5,MANUAL,0,0,0.0,0.0,0.0,4.17,6.89,RIGHT_LANE_ONLY,18.4,-301.6,0.5,,
20:20:45.957,9.7,MANUAL,0,0,0.0,0.0,0.0,4.17,6.89,RIGHT_LANE_ONLY,18.3,-301.7,0.5,,
20:20:47.030,10.7,MANUAL,0,0,0.0,0.0,0.0,4.17,6.89,RIGHT_LANE_ONLY,18.3,-301.7,0.5,,
20:20:48.090,10.7,MANUAL,0,0,0.0,0.0,0.0,4.17,6.89,RIGHT_LANE_ONLY,18.4,-301.6,0.5,,
20:20:49.151,10.6,MANUAL,0,0,0.0,0.0,0.0,4.17,6.89,RIGHT_LANE_ONLY,18.4,-301.6,0.5,,
20:20:50.206,9.6,MANUAL,0,0,0.0,0.0,0.0,4.17,6.89,RIGHT_LANE_ONLY,18.4,-301.6,0.5,,
20:20:51.251,10.4,MANUAL,0,0,0.0,0.0,0.0,4.17,6.89,RIGHT_LANE_ONLY,18.3,-301.7,0.5,,
20:20:52.303,10.2,MANUAL,0,0,0.0,0.0,0.0,4.17,6.89,RIGHT_LANE_ONLY,18.3,-301.7,0.5,,
20:20:53.354,10.4,MANUAL,0,0,0.0,0.0,0.0,4.17,6.89,RIGHT_LANE_ONLY,18.5,-301.5,0.5,,
20:20:54.410,11.0,MANUAL,0,0,0.0,0.0,0.0,4.17,6.89,RIGHT_LANE_ONLY,18.5,-301.5,0.5,,
20:20:55.422,10.3,MANUAL,0,0,0.0,0.0,0.0,4.17,6.89,RIGHT_LANE_ONLY,85.9,-234.1,0.5,,
20:20:56.464,11.8,MANUAL,0,0,0.0,0.0,0.0,4.17,6.89,RIGHT_LANE_ONLY,129.6,-190.4,0.5,,
20:20:57.550,10.0,MANUAL,0,0,0.0,0.0,0.0,4.17,6.89,RIGHT_LANE_ONLY,234.3,-85.7,0.5,,
20:20:58.576,10.1,MANUAL,0,0,0.0,0.0,0.0,4.17,6.89,RIGHT_LANE_ONLY,260.8,-59.2,0.5,,
20:20:59.579,9.7,MANUAL,0,0,0.0,0.0,0.0,4.17,6.89,RIGHT_LANE_ONLY,301.5,-18.5,0.5,,
20:21:00.644,10.4,MANUAL,0,0,0.0,0.0,0.0,4.17,6.89,RIGHT_LANE_ONLY,358.3,38.3,0.5,,
20:21:01.681,10.6,MANUAL,0,0,0.0,0.0,0.0,4.17,6.89,RIGHT_LANE_ONLY,437.6,117.6,0.5,,
20:21:02.756,8.6,MANUAL,0,0,0.0,0.0,0.0,4.17,6.89,RIGHT_LANE_ONLY,449.9,129.9,0.5,,
20:21:03.841,10.6,MANUAL,0,0,0.0,0.0,0.0,4.17,6.89,RIGHT_LANE_ONLY,459.0,139.0,0.5,,
20:21:04.979,6.5,MANUAL,0,0,0.0,0.0,0.0,4.17,6.89,RIGHT_LANE_ONLY,462.4,142.4,0.5,,
20:21:06.014,7.1,MANUAL,0,0,0.0,0.0,0.0,4.17,6.89,RIGHT_LANE_ONLY,466.3,146.3,0.5,,
20:21:07.079,8.0,MANUAL,0,0,0.0,0.0,0.0,4.17,6.89,RIGHT_LANE_ONLY,467.9,147.9,0.5,,
20:21:08.231,5.8,MANUAL,0,0,0.0,0.0,0.0,4.17,6.89,RIGHT_LANE_ONLY,464.5,144.5,0.5,,
20:21:09.282,5.9,MANUAL,0,0,0.0,0.0,0.0,4.17,6.89,RIGHT_LANE_ONLY,471.6,151.6,0.5,,
20:21:10.346,5.8,MANUAL,0,0,0.0,0.0,0.0,4.17,6.89,RIGHT_LANE_ONLY,478.6,158.6,0.5,,
20:21:11.388,5.8,MANUAL,0,0,0.0,0.0,0.0,4.17,6.89,RIGHT_LANE_ONLY,476.7,156.7,0.5,,
20:21:12.506,6.4,MANUAL,0,0,0.0,0.0,0.0,4.17,6.89,RIGHT_LANE_ONLY,480.6,160.6,0.5,,
20:21:13.622,6.4,MANUAL,0,0,0.0,0.0,0.0,4.17,6.89,RIGHT_LANE_ONLY,481.2,161.2,0.5,,
20:21:14.734,5.9,MANUAL,0,0,0.0,0.0,0.0,4.17,6.89,RIGHT_LANE_ONLY,480.8,160.8,0.5,,
20:21:15.790,6.5,MANUAL,0,0,0.0,0.0,0.0,4.17,6.89,RIGHT_LANE_ONLY,480.2,160.2,0.5,,
20:21:16.930,6.3,MANUAL,0,0,0.0,0.0,0.0,4.17,6.89,RIGHT_LANE_ONLY,447.3,127.3,0.5,,
20:21:18.065,6.5,MANUAL,0,0,0.0,0.0,0.0,4.17,6.89,RIGHT_LANE_ONLY,392.6,72.6,0.5,,
20:21:19.179,6.4,MANUAL,0,0,0.0,0.0,0.0,4.17,6.89,RIGHT_LANE_ONLY,338.1,18.1,0.5,,
20:21:20.323,6.4,MANUAL,0,0,0.0,0.0,0.0,4.17,6.89,RIGHT_LANE_ONLY,320.5,0.5,0.5,,
20:21:21.467,5.9,MANUAL,0,0,0.0,0.0,0.0,4.17,6.89,RIGHT_LANE_ONLY,313.3,-6.7,0.5,,
20:21:22.591,6.3,MANUAL,0,0,0.0,0.0,0.0,4.17,6.89,RIGHT_LANE_ONLY,315.4,-4.6,0.5,,
20:21:23.692,6.4,MANUAL,0,0,0.0,0.0,0.0,4.17,6.89,RIGHT_LANE_ONLY,316.6,-3.4,0.5,,
20:21:24.793,5.8,MANUAL,0,0,0.0,0.0,0.0,4.17,6.89,RIGHT_LANE_ONLY,317.4,-2.6,0.5,,
20:21:25.868,6.5,MANUAL,0,0,0.0,0.0,0.0,4.17,6.89,RIGHT_LANE_ONLY,317.9,-2.1,0.5,,
20:21:27.023,5.9,MANUAL,0,0,0.0,0.0,0.0,4.17,6.89,RIGHT_LANE_ONLY,318.2,-1.8,0.5,,
20:21:28.133,6.5,MANUAL,0,0,0.0,0.0,0.0,4.17,6.89,RIGHT_LANE_ONLY,318.3,-1.7,0.5,,
20:21:29.295,5.8,MANUAL,0,0,0.0,0.0,0.0,4.17,6.89,RIGHT_LANE_ONLY,318.4,-1.6,0.5,,
20:21:30.383,6.4,MANUAL,0,0,0.0,0.0,0.0,4.17,6.89,RIGHT_LANE_ONLY,318.4,-1.6,0.5,,
20:21:31.389,6.4,MANUAL,0,0,0.0,0.0,0.0,4.17,6.89,RIGHT_LANE_ONLY,318.1,-1.9,0.5,,
20:21:32.436,7.2,MANUAL,0,0,0.0,0.0,0.0,4.17,6.89,RIGHT_LANE_ONLY,318.3,-1.7,0.5,,
20:21:33.466,7.1,MANUAL,0,0,0.0,0.0,0.0,4.17,6.89,RIGHT_LANE_ONLY,319.3,-0.7,0.5,,
20:21:34.581,7.2,MANUAL,0,0,0.0,0.0,0.0,4.17,6.89,RIGHT_LANE_ONLY,320.4,0.4,0.5,,
20:21:35.671,7.2,MANUAL,0,0,0.0,0.0,0.0,4.17,6.89,RIGHT_LANE_ONLY,344.4,24.4,0.5,,
20:21:36.702,8.0,MANUAL,0,0,0.0,0.0,0.0,4.17,6.89,RIGHT_LANE_ONLY,372.0,52.0,0.5,,
20:21:37.807,7.3,MANUAL,0,0,0.0,0.0,0.0,4.17,6.89,RIGHT_LANE_ONLY,331.7,11.7,0.5,,
20:21:38.937,7.2,MANUAL,0,0,0.0,0.0,0.0,4.17,6.89,RIGHT_LANE_ONLY,322.6,2.6,0.5,,
20:21:39.938,7.1,MANUAL,0,0,0.0,0.0,0.0,4.17,6.89,RIGHT_LANE_ONLY,313.4,-6.6,0.5,,
20:21:41.011,6.4,MANUAL,0,0,0.0,0.0,0.0,4.17,6.89,RIGHT_LANE_ONLY,312.7,-7.3,0.5,,
20:21:42.139,5.8,MANUAL,0,0,0.0,0.0,0.0,4.17,6.89,RIGHT_LANE_ONLY,312.1,-7.9,0.5,,
20:21:43.151,7.0,MANUAL,0,0,0.0,0.0,0.0,4.17,6.89,RIGHT_LANE_ONLY,280.7,-39.3,0.5,,
20:21:44.234,7.1,MANUAL,0,0,0.0,0.0,0.0,4.17,6.89,RIGHT_LANE_ONLY,87.2,-232.8,0.5,,
20:21:45.371,8.0,MANUAL,0,0,0.0,0.0,0.0,4.17,6.89,RIGHT_LANE_ONLY,18.5,-301.5,0.5,,
20:21:46.482,7.1,MANUAL,0,0,0.0,0.0,0.0,4.17,6.89,RIGHT_LANE_ONLY,14.0,-306.0,0.5,,
20:21:47.593,7.9,MANUAL,0,0,0.0,0.0,0.0,4.17,6.89,RIGHT_LANE_ONLY,13.0,-307.0,0.5,,
20:21:48.708,7.2,MANUAL,0,0,0.0,0.0,0.0,4.17,6.89,RIGHT_LANE_ONLY,21.7,-298.3,0.5,,
20:21:49.739,7.1,MANUAL,0,0,0.0,0.0,0.0,4.17,6.89,RIGHT_LANE_ONLY,64.4,-255.6,0.5,,
20:21:50.888,5.8,MANUAL,0,0,0.0,0.0,0.0,4.17,6.89,RIGHT_LANE_ONLY,77.0,-243.0,0.5,,
20:21:51.952,5.8,MANUAL,0,0,0.0,0.0,0.0,4.17,6.89,RIGHT_LANE_ONLY,84.4,-235.6,0.5,,
20:21:52.989,5.8,MANUAL,0,0,0.0,0.0,0.0,4.17,6.89,RIGHT_LANE_ONLY,85.3,-234.7,0.5,,
20:21:54.037,5.9,MANUAL,0,0,0.0,0.0,0.0,4.17,6.89,RIGHT_LANE_ONLY,84.6,-235.4,0.5,,
20:21:55.053,5.8,MANUAL,0,0,0.0,0.0,0.0,4.17,6.89,RIGHT_LANE_ONLY,82.0,-238.0,0.5,,
20:21:56.099,6.5,MANUAL,0,0,0.0,0.0,0.0,4.17,6.89,RIGHT_LANE_ONLY,80.8,-239.2,0.5,,
20:21:57.133,5.9,MANUAL,0,0,0.0,0.0,0.0,4.17,6.89,RIGHT_LANE_ONLY,80.2,-239.8,0.5,,
20:21:58.211,5.5,MANUAL,0,0,0.0,0.0,0.0,4.17,6.89,RIGHT_LANE_ONLY,80.1,-239.9,0.5,,
20:21:59.319,5.3,MANUAL,0,0,0.0,0.0,0.0,4.17,6.89,RIGHT_LANE_ONLY,80.3,-239.7,0.5,,
20:22:00.387,5.8,MANUAL,0,0,0.0,0.0,0.0,4.17,6.89,RIGHT_LANE_ONLY,82.8,-237.2,0.5,,
20:22:01.416,5.8,MANUAL,0,0,0.0,0.0,0.0,4.17,6.89,RIGHT_LANE_ONLY,88.3,-231.7,0.5,,
20:22:02.436,5.9,MANUAL,0,0,0.0,0.0,0.0,4.17,6.89,RIGHT_LANE_ONLY,89.6,-230.4,0.5,,
20:22:03.449,5.9,MANUAL,0,0,0.0,0.0,0.0,4.17,6.89,RIGHT_LANE_ONLY,90.7,-229.3,0.5,,
20:22:04.609,5.8,MANUAL,0,0,0.0,0.0,0.0,4.17,6.89,RIGHT_LANE_ONLY,92.3,-227.7,0.5,,
20:22:05.650,5.8,MANUAL,0,0,0.0,0.0,0.0,4.17,6.89,RIGHT_LANE_ONLY,96.4,-223.6,0.5,,
20:22:06.692,5.9,MANUAL,0,0,0.0,0.0,0.0,4.17,6.89,RIGHT_LANE_ONLY,98.9,-221.1,0.5,,
20:22:07.755,5.3,MANUAL,0,0,0.0,0.0,0.0,4.17,6.89,RIGHT_LANE_ONLY,99.3,-220.7,0.5,,
20:22:08.871,5.9,MANUAL,0,0,0.0,0.0,0.0,4.17,6.89,RIGHT_LANE_ONLY,99.0,-221.0,0.5,,
20:22:09.925,5.8,MANUAL,0,0,0.0,0.0,0.0,4.17,6.89,RIGHT_LANE_ONLY,96.9,-223.1,0.5,,
20:22:10.931,6.0,MANUAL,0,0,0.0,0.0,0.0,4.17,6.89,RIGHT_LANE_ONLY,68.7,-251.3,0.5,,
20:22:11.953,7.0,MANUAL,0,0,0.0,0.0,0.0,4.17,6.89,RIGHT_LANE_ONLY,53.6,-266.4,0.5,,
20:22:13.033,6.5,MANUAL,0,0,0.0,0.0,0.0,4.17,6.89,RIGHT_LANE_ONLY,42.7,-277.3,0.5,,
20:22:14.052,7.1,MANUAL,0,0,0.0,0.0,0.0,4.17,6.89,RIGHT_LANE_ONLY,34.2,-285.8,0.5,,
20:22:15.065,6.5,MANUAL,0,0,0.0,0.0,0.0,4.17,6.89,RIGHT_LANE_ONLY,99.5,-220.5,0.5,,
20:22:16.225,5.9,MANUAL,0,0,0.0,0.0,0.0,4.17,6.89,RIGHT_LANE_ONLY,141.8,-178.2,0.5,,
20:22:17.233,5.8,MANUAL,0,0,0.0,0.0,0.0,4.17,6.89,RIGHT_LANE_ONLY,164.6,-155.4,0.5,,
20:22:18.380,4.6,MANUAL,0,0,0.0,0.0,0.0,4.17,6.89,RIGHT_LANE_ONLY,161.2,-158.8,0.5,,
20:22:19.430,6.4,MANUAL,0,0,0.0,0.0,0.0,4.17,6.89,RIGHT_LANE_ONLY,160.1,-159.9,0.5,,
20:22:20.541,5.0,MANUAL,0,0,0.0,0.0,0.0,4.17,6.89,RIGHT_LANE_ONLY,194.6,-125.4,0.5,,
20:22:21.630,5.4,MANUAL,0,0,0.0,0.0,0.0,4.17,6.89,RIGHT_LANE_ONLY,174.1,-145.9,0.5,,
20:22:22.706,5.3,MANUAL,0,0,0.0,0.0,0.0,4.17,6.89,RIGHT_LANE_ONLY,181.9,-138.1,0.5,,
20:22:23.781,3.8,MANUAL,0,0,0.0,0.0,0.0,4.17,6.89,RIGHT_LANE_ONLY,215.2,-104.8,0.5,,
20:22:24.864,5.9,MANUAL,0,0,0.0,0.0,0.0,4.17,6.89,RIGHT_LANE_ONLY,230.0,-90.0,0.5,,
20:22:25.920,5.3,MANUAL,0,0,0.0,0.0,0.0,4.17,6.89,RIGHT_LANE_ONLY,233.5,-86.5,0.5,,
20:22:27.035,5.2,MANUAL,0,0,0.0,0.0,0.0,4.17,6.89,RIGHT_LANE_ONLY,237.3,-82.7,0.5,,
20:22:28.167,5.8,MANUAL,0,0,0.0,0.0,0.0,4.17,6.89,RIGHT_LANE_ONLY,244.3,-75.7,0.5,,
20:22:29.172,6.4,MANUAL,0,0,0.0,0.0,0.0,4.17,6.89,RIGHT_LANE_ONLY,249.9,-70.1,0.5,,
20:22:30.189,5.8,MANUAL,0,0,0.0,0.0,0.0,4.17,6.89,RIGHT_LANE_ONLY,254.5,-65.5,0.5,,
20:22:31.216,5.8,MANUAL,0,0,0.0,0.0,0.0,4.17,6.89,RIGHT_LANE_ONLY,257.5,-62.5,0.5,,
20:22:32.256,5.8,MANUAL,0,0,0.0,0.0,0.0,4.17,6.89,RIGHT_LANE_ONLY,280.6,-39.4,0.5,,
20:22:33.342,5.4,MANUAL,0,0,0.0,0.0,0.0,4.17,6.89,RIGHT_LANE_ONLY,282.9,-37.1,0.5,,
20:22:34.495,5.8,MANUAL,0,0,0.0,0.0,0.0,4.17,6.89,RIGHT_LANE_ONLY,259.6,-60.4,0.5,,
20:22:35.642,5.8,MANUAL,0,0,0.0,0.0,0.0,4.17,6.89,RIGHT_LANE_ONLY,195.9,-124.1,0.5,,
20:22:36.669,5.8,MANUAL,0,0,0.0,0.0,0.0,4.17,6.89,RIGHT_LANE_ONLY,175.7,-144.3,0.5,,
20:22:37.791,6.4,MANUAL,0,0,0.0,0.0,0.0,4.17,6.89,RIGHT_LANE_ONLY,170.0,-150.0,0.5,,
20:22:38.897,6.4,MANUAL,0,0,0.0,0.0,0.0,4.17,6.89,RIGHT_LANE_ONLY,178.9,-141.1,0.5,,
20:22:39.979,6.5,MANUAL,0,0,0.0,0.0,0.0,4.17,6.89,RIGHT_LANE_ONLY,172.1,-147.9,0.5,,
20:22:41.069,6.4,MANUAL,0,0,0.0,0.0,0.0,4.17,6.89,RIGHT_LANE_ONLY,174.1,-145.9,0.5,,
20:22:42.196,6.4,MANUAL,0,0,0.0,0.0,0.0,4.17,6.89,RIGHT_LANE_ONLY,175.4,-144.6,0.5,,
20:22:43.213,5.9,MANUAL,0,0,0.0,0.0,0.0,4.17,6.89,RIGHT_LANE_ONLY,178.0,-142.0,0.5,,
20:22:44.338,6.4,MANUAL,0,0,0.0,0.0,0.0,4.17,6.89,RIGHT_LANE_ONLY,178.4,-141.6,0.5,,
20:22:45.421,6.3,MANUAL,0,0,0.0,0.0,0.0,4.17,6.89,RIGHT_LANE_ONLY,175.6,-144.4,0.5,,
20:22:46.479,7.1,MANUAL,0,0,0.0,0.0,0.0,4.17,6.89,RIGHT_LANE_ONLY,178.8,-141.2,0.5,,
20:22:47.578,6.3,MANUAL,0,0,0.0,0.0,0.0,4.17,6.89,RIGHT_LANE_ONLY,181.5,-138.5,0.5,,
20:22:48.636,6.5,MANUAL,0,0,0.0,0.0,0.0,4.17,6.89,RIGHT_LANE_ONLY,182.1,-137.9,0.5,,
20:22:49.703,6.5,MANUAL,0,0,0.0,0.0,0.0,4.17,6.89,RIGHT_LANE_ONLY,181.9,-138.1,0.5,,
20:22:50.803,5.9,MANUAL,0,0,0.0,0.0,0.0,4.17,6.89,RIGHT_LANE_ONLY,175.6,-144.4,0.5,,
20:22:51.897,6.4,MANUAL,0,0,0.0,0.0,0.0,4.17,6.89,RIGHT_LANE_ONLY,176.0,-144.0,0.5,,
20:22:53.001,5.9,MANUAL,0,0,0.0,0.0,0.0,4.17,6.89,RIGHT_LANE_ONLY,157.6,-162.4,0.5,,
20:22:54.096,6.4,MANUAL,0,0,0.0,0.0,0.0,4.17,6.89,RIGHT_LANE_ONLY,157.1,-162.9,0.5,,
20:22:55.262,5.9,MANUAL,0,0,0.0,0.0,0.0,4.17,6.89,RIGHT_LANE_ONLY,154.4,-165.6,0.5,,
20:22:56.406,5.8,MANUAL,0,0,0.0,0.0,0.0,4.17,6.89,RIGHT_LANE_ONLY,148.0,-172.0,0.5,,
20:22:57.417,5.8,MANUAL,0,0,0.0,0.0,0.0,4.17,6.89,RIGHT_LANE_ONLY,146.7,-173.3,0.5,,
20:22:58.433,6.4,MANUAL,0,0,0.0,0.0,0.0,4.17,6.89,RIGHT_LANE_ONLY,148.6,-171.4,0.5,,
20:22:59.567,6.3,MANUAL,0,0,0.0,0.0,0.0,4.17,6.89,RIGHT_LANE_ONLY,206.8,-113.2,0.5,,
20:23:00.671,7.9,MANUAL,0,0,0.0,0.0,0.0,4.17,6.89,RIGHT_LANE_ONLY,51.9,-268.1,0.5,,
20:23:01.684,7.3,MANUAL,0,0,0.0,0.0,0.0,4.17,6.89,RIGHT_LANE_ONLY,250.6,-69.4,0.5,,
20:23:02.703,5.9,MANUAL,0,0,0.0,0.0,0.0,4.17,6.89,RIGHT_LANE_ONLY,306.5,-13.5,0.5,,
20:23:03.840,6.3,MANUAL,0,0,0.0,0.0,0.0,4.17,6.89,RIGHT_LANE_ONLY,321.0,1.0,0.5,,
20:23:04.975,5.8,MANUAL,0,0,0.0,0.0,0.0,4.17,6.89,RIGHT_LANE_ONLY,304.5,-15.5,0.5,,
20:23:06.006,5.9,MANUAL,0,0,0.0,0.0,0.0,4.17,6.89,RIGHT_LANE_ONLY,310.7,-9.3,0.5,,
20:23:07.053,5.8,MANUAL,0,0,0.0,0.0,0.0,4.17,6.89,RIGHT_LANE_ONLY,311.2,-8.8,0.5,,
20:23:08.087,5.9,MANUAL,0,0,0.0,0.0,0.0,4.17,6.89,RIGHT_LANE_ONLY,311.1,-8.9,0.5,,
20:23:09.122,5.8,MANUAL,0,0,0.0,0.0,0.0,4.17,6.89,RIGHT_LANE_ONLY,310.4,-9.6,0.5,,
20:23:10.170,5.7,MANUAL,0,0,0.0,0.0,0.0,4.17,6.89,RIGHT_LANE_ONLY,309.2,-10.8,0.5,,
20:23:11.303,5.9,MANUAL,0,0,0.0,0.0,0.0,4.17,6.89,RIGHT_LANE_ONLY,311.1,-8.9,0.5,,
20:23:12.330,5.4,MANUAL,0,0,0.0,0.0,0.0,4.17,6.89,RIGHT_LANE_ONLY,315.1,-4.9,0.5,,
20:23:13.412,5.3,MANUAL,0,0,0.0,0.0,0.0,4.17,6.89,RIGHT_LANE_ONLY,317.8,-2.2,0.5,,
20:23:14.486,5.4,MANUAL,0,0,0.0,0.0,0.0,4.17,6.89,RIGHT_LANE_ONLY,320.4,0.4,0.5,,
20:23:15.575,5.3,MANUAL,0,0,0.0,0.0,0.0,4.17,6.89,RIGHT_LANE_ONLY,321.3,1.3,0.5,,
20:23:16.684,5.8,MANUAL,0,0,0.0,0.0,0.0,4.17,6.89,RIGHT_LANE_ONLY,321.5,1.5,0.5,,
20:23:17.747,5.9,MANUAL,0,0,0.0,0.0,0.0,4.17,6.89,RIGHT_LANE_ONLY,321.5,1.5,0.5,,
20:23:18.837,5.4,MANUAL,0,0,0.0,0.0,0.0,4.17,6.89,RIGHT_LANE_ONLY,321.2,1.2,0.5,,
20:23:19.884,6.4,MANUAL,0,0,0.0,0.0,0.0,4.17,6.89,RIGHT_LANE_ONLY,321.0,1.0,0.5,,
20:23:21.045,5.8,MANUAL,0,0,0.0,0.0,0.0,4.17,6.89,RIGHT_LANE_ONLY,320.8,0.8,0.5,,
20:23:22.086,5.9,MANUAL,0,0,0.0,0.0,0.0,4.17,6.89,RIGHT_LANE_ONLY,320.7,0.7,0.5,,
20:23:23.096,5.3,MANUAL,0,0,0.0,0.0,0.0,4.17,6.89,RIGHT_LANE_ONLY,320.6,0.6,0.5,,
20:23:24.102,5.8,MANUAL,0,0,0.0,0.0,0.0,4.17,6.89,RIGHT_LANE_ONLY,320.5,0.5,0.5,,
20:23:25.124,5.9,MANUAL,0,0,0.0,0.0,0.0,4.17,6.89,RIGHT_LANE_ONLY,320.4,0.4,0.5,,
20:23:26.137,5.9,MANUAL,0,0,0.0,0.0,0.0,4.17,6.89,RIGHT_LANE_ONLY,320.4,0.4,0.5,,
20:23:27.277,6.4,MANUAL,0,0,0.0,0.0,0.0,4.17,6.89,RIGHT_LANE_ONLY,320.3,0.3,0.5,,
20:23:28.376,6.4,MANUAL,0,0,0.0,0.0,0.0,4.17,6.89,RIGHT_LANE_ONLY,320.4,0.4,0.5,,
20:23:29.518,6.4,MANUAL,0,0,0.0,0.0,0.0,4.17,6.89,RIGHT_LANE_ONLY,320.4,0.4,0.5,,
20:23:30.644,6.3,MANUAL,0,0,0.0,0.0,0.0,4.17,6.89,RIGHT_LANE_ONLY,320.5,0.5,0.5,,
20:23:31.651,6.4,MANUAL,0,0,0.0,0.0,0.0,4.17,6.89,RIGHT_LANE_ONLY,320.5,0.5,0.5,,
20:23:32.782,5.9,MANUAL,0,0,0.0,0.0,0.0,4.17,6.89,RIGHT_LANE_ONLY,320.6,0.6,0.5,,
20:23:33.936,6.4,MANUAL,0,0,0.0,0.0,0.0,4.17,6.89,RIGHT_LANE_ONLY,320.8,0.8,0.5,,
20:23:34.960,5.9,MANUAL,0,0,0.0,0.0,0.0,4.17,6.89,RIGHT_LANE_ONLY,320.8,0.8,0.5,,
20:23:36.111,5.8,MANUAL,0,0,0.0,0.0,0.0,4.17,6.89,RIGHT_LANE_ONLY,320.6,0.6,0.5,,
20:23:37.142,5.4,MANUAL,0,0,0.0,0.0,0.0,4.17,6.89,RIGHT_LANE_ONLY,320.5,0.5,0.5,,
20:23:38.286,6.3,MANUAL,0,0,0.0,0.0,0.0,4.17,6.89,RIGHT_LANE_ONLY,320.4,0.4,0.5,,
20:23:39.300,5.8,MANUAL,0,0,0.0,0.0,0.0,4.17,6.89,RIGHT_LANE_ONLY,320.4,0.4,0.5,,
20:23:40.459,5.8,MANUAL,0,0,0.0,0.0,0.0,4.17,6.89,RIGHT_LANE_ONLY,320.4,0.4,0.5,,
20:23:41.465,6.4,MANUAL,0,0,0.0,0.0,0.0,4.17,6.89,RIGHT_LANE_ONLY,320.4,0.4,0.5,,
20:23:42.556,6.5,MANUAL,0,0,0.0,0.0,0.0,4.17,6.89,RIGHT_LANE_ONLY,320.4,0.4,0.5,,
20:23:43.711,6.5,MANUAL,0,0,0.0,0.0,0.0,4.17,6.89,RIGHT_LANE_ONLY,320.5,0.5,0.5,,
20:23:44.714,5.8,MANUAL,0,0,0.0,0.0,0.0,4.17,6.89,RIGHT_LANE_ONLY,320.5,0.5,0.5,,
20:23:45.747,5.4,MANUAL,0,0,0.0,0.0,0.0,4.17,6.89,RIGHT_LANE_ONLY,320.6,0.6,0.5,,
20:23:46.877,6.3,MANUAL,0,0,0.0,0.0,0.0,4.17,6.89,RIGHT_LANE_ONLY,320.7,0.7,0.5,,
20:23:47.888,6.3,MANUAL,0,0,0.0,0.0,0.0,4.17,6.89,RIGHT_LANE_ONLY,320.7,0.7,0.5,,
20:23:48.916,5.9,MANUAL,0,0,0.0,0.0,0.0,4.17,6.89,RIGHT_LANE_ONLY,320.6,0.6,0.5,,
20:23:49.926,5.8,MANUAL,0,0,0.0,0.0,0.0,4.17,6.89,RIGHT_LANE_ONLY,320.5,0.5,0.5,,
20:23:51.067,5.8,MANUAL,0,0,0.0,0.0,0.0,4.17,6.89,RIGHT_LANE_ONLY,320.4,0.4,0.5,,
20:23:52.220,5.8,MANUAL,0,0,0.0,0.0,0.0,4.17,6.89,RIGHT_LANE_ONLY,320.4,0.4,0.5,,
20:23:53.376,5.9,MANUAL,0,0,0.0,0.0,0.0,4.17,6.89,RIGHT_LANE_ONLY,320.4,0.4,0.5,,
20:23:54.524,6.3,MANUAL,0,0,0.0,0.0,0.0,4.17,6.89,RIGHT_LANE_ONLY,320.4,0.4,0.5,,
20:23:55.539,5.4,MANUAL,0,0,0.0,0.0,0.0,4.17,6.89,RIGHT_LANE_ONLY,320.5,0.5,0.5,,
20:23:56.544,5.9,MANUAL,0,0,0.0,0.0,0.0,4.17,6.89,RIGHT_LANE_ONLY,320.5,0.5,0.5,,
20:23:57.718,5.7,MANUAL,0,0,0.0,0.0,0.0,4.17,6.89,RIGHT_LANE_ONLY,320.6,0.6,0.5,,
20:23:58.748,5.9,MANUAL,0,0,0.0,0.0,0.0,4.17,6.89,RIGHT_LANE_ONLY,320.6,0.6,0.5,,
20:23:59.930,5.4,MANUAL,0,0,0.0,0.0,0.0,4.17,6.89,RIGHT_LANE_ONLY,320.6,0.6,0.5,,
20:24:00.947,5.9,MANUAL,0,0,0.0,0.0,0.0,4.17,6.89,RIGHT_LANE_ONLY,320.7,0.7,0.5,,
20:24:01.970,5.8,MANUAL,0,0,0.0,0.0,0.0,4.17,6.89,RIGHT_LANE_ONLY,320.8,0.8,0.5,,
20:24:03.111,5.9,MANUAL,0,0,0.0,0.0,0.0,4.17,6.89,RIGHT_LANE_ONLY,320.8,0.8,0.5,,
20:24:04.273,6.4,MANUAL,0,0,0.0,0.0,0.0,4.17,6.89,RIGHT_LANE_ONLY,320.9,0.9,0.5,,
20:24:05.284,6.4,MANUAL,0,0,0.0,0.0,0.0,4.17,6.89,RIGHT_LANE_ONLY,321.0,1.0,0.5,,
20:24:06.329,5.4,MANUAL,0,0,0.0,0.0,0.0,4.17,6.89,RIGHT_LANE_ONLY,321.0,1.0,0.5,,
20:24:07.492,6.3,MANUAL,0,0,0.0,0.0,0.0,4.17,6.89,RIGHT_LANE_ONLY,321.1,1.1,0.5,,
20:24:08.530,6.4,MANUAL,0,0,0.0,0.0,0.0,4.17,6.89,RIGHT_LANE_ONLY,321.1,1.1,0.5,,
20:24:09.654,5.8,MANUAL,0,0,0.0,0.0,0.0,4.17,6.89,RIGHT_LANE_ONLY,321.2,1.2,0.5,,
20:24:10.807,5.9,MANUAL,0,0,0.0,0.0,0.0,4.17,6.89,RIGHT_LANE_ONLY,321.2,1.2,0.5,,
20:24:11.964,5.8,MANUAL,0,0,0.0,0.0,0.0,4.17,6.89,RIGHT_LANE_ONLY,321.2,1.2,0.5,,
20:24:13.118,6.4,MANUAL,0,0,0.0,0.0,0.0,4.17,6.89,RIGHT_LANE_ONLY,321.3,1.3,0.5,,
20:24:14.121,6.4,MANUAL,0,0,0.0,0.0,0.0,4.17,6.89,RIGHT_LANE_ONLY,321.3,1.3,0.5,,
20:24:15.230,7.1,MANUAL,0,0,0.0,0.0,0.0,4.17,6.89,RIGHT_LANE_ONLY,321.3,1.3,0.5,,
20:24:16.233,5.3,MANUAL,0,0,0.0,0.0,0.0,4.17,6.89,RIGHT_LANE_ONLY,321.3,1.3,0.5,,
20:24:17.400,5.9,MANUAL,0,0,0.0,0.0,0.0,4.17,6.89,RIGHT_LANE_ONLY,321.3,1.3,0.5,,
20:24:18.548,6.4,MANUAL,0,0,0.0,0.0,0.0,4.17,6.89,RIGHT_LANE_ONLY,321.4,1.4,0.5,,
20:24:19.706,5.8,MANUAL,0,0,0.0,0.0,0.0,4.17,6.89,RIGHT_LANE_ONLY,321.4,1.4,0.5,,
20:24:20.717,6.5,MANUAL,0,0,0.0,0.0,0.0,4.17,6.89,RIGHT_LANE_ONLY,321.5,1.5,0.5,,
20:24:21.840,6.4,MANUAL,0,0,0.0,0.0,0.0,4.17,6.89,RIGHT_LANE_ONLY,321.5,1.5,0.5,,
20:24:23.007,5.9,MANUAL,0,0,0.0,0.0,0.0,4.17,6.89,RIGHT_LANE_ONLY,321.5,1.5,0.5,,
20:24:24.148,5.8,MANUAL,0,0,0.0,0.0,0.0,4.17,6.89,RIGHT_LANE_ONLY,321.6,1.6,0.5,,
20:24:25.300,5.9,MANUAL,0,0,0.0,0.0,0.0,4.17,6.89,RIGHT_LANE_ONLY,321.7,1.7,0.5,,
20:24:26.450,5.7,MANUAL,0,0,0.0,0.0,0.0,4.17,6.89,RIGHT_LANE_ONLY,321.7,1.7,0.5,,
20:24:27.472,5.8,MANUAL,0,0,0.0,0.0,0.0,4.17,6.89,RIGHT_LANE_ONLY,321.5,1.5,0.5,,
20:24:28.632,5.8,MANUAL,0,0,0.0,0.0,0.0,4.17,6.89,RIGHT_LANE_ONLY,321.3,1.3,0.5,,
20:24:29.635,5.8,MANUAL,0,0,0.0,0.0,0.0,4.17,6.89,RIGHT_LANE_ONLY,321.1,1.1,0.5,,
20:24:30.664,5.8,MANUAL,0,0,0.0,0.0,0.0,4.17,6.89,RIGHT_LANE_ONLY,321.0,1.0,0.5,,
20:24:31.669,6.3,MANUAL,0,0,0.0,0.0,0.0,4.17,6.89,RIGHT_LANE_ONLY,320.9,0.9,0.5,,
20:24:32.706,5.8,MANUAL,0,0,0.0,0.0,0.0,4.17,6.89,RIGHT_LANE_ONLY,322.9,2.9,0.5,,
20:24:33.858,6.5,MANUAL,0,0,0.0,0.0,0.0,4.17,6.89,RIGHT_LANE_ONLY,322.4,2.4,0.5,,
20:24:34.872,5.7,MANUAL,0,0,0.0,0.0,0.0,4.17,6.89,RIGHT_LANE_ONLY,321.9,1.9,0.5,,
20:24:36.004,6.4,MANUAL,0,0,0.0,0.0,0.0,4.17,6.89,RIGHT_LANE_ONLY,321.6,1.6,0.5,,
20:24:37.005,5.8,MANUAL,0,0,0.0,0.0,0.0,4.17,6.89,RIGHT_LANE_ONLY,321.4,1.4,0.5,,
20:24:38.167,5.7,MANUAL,0,0,0.0,0.0,0.0,4.17,6.89,RIGHT_LANE_ONLY,321.3,1.3,0.5,,
20:24:39.304,6.4,MANUAL,0,0,0.0,0.0,0.0,4.17,6.89,RIGHT_LANE_ONLY,321.3,1.3,0.5,,
20:24:40.310,6.4,MANUAL,0,0,0.0,0.0,0.0,4.17,6.89,RIGHT_LANE_ONLY,321.3,1.3,0.5,,
20:24:41.462,6.4,MANUAL,0,0,0.0,0.0,0.0,4.17,6.89,RIGHT_LANE_ONLY,321.3,1.3,0.5,,
20:24:42.478,5.8,MANUAL,0,0,0.0,0.0,0.0,4.17,6.89,RIGHT_LANE_ONLY,321.3,1.3,0.5,,
20:24:43.628,6.3,MANUAL,0,0,0.0,0.0,0.0,4.17,6.89,RIGHT_LANE_ONLY,321.4,1.4,0.5,,
20:24:44.652,5.7,MANUAL,0,0,0.0,0.0,0.0,4.17,6.89,RIGHT_LANE_ONLY,321.4,1.4,0.5,,
20:24:45.675,6.4,MANUAL,0,0,0.0,0.0,0.0,4.17,6.89,RIGHT_LANE_ONLY,321.4,1.4,0.5,,
20:24:46.796,5.9,MANUAL,0,0,0.0,0.0,0.0,4.17,6.89,RIGHT_LANE_ONLY,321.4,1.4,0.5,,
20:24:47.803,5.7,MANUAL,0,0,0.0,0.0,0.0,4.17,6.89,RIGHT_LANE_ONLY,321.5,1.5,0.5,,
20:24:48.844,5.3,MANUAL,0,0,0.0,0.0,0.0,4.17,6.89,RIGHT_LANE_ONLY,321.5,1.5,0.5,,
20:24:49.971,6.5,MANUAL,0,0,0.0,0.0,0.0,4.17,6.89,RIGHT_LANE_ONLY,321.6,1.6,0.5,,
20:24:50.984,6.4,MANUAL,0,0,0.0,0.0,0.0,4.17,6.89,RIGHT_LANE_ONLY,321.6,1.6,0.5,,
20:24:52.128,5.4,MANUAL,0,0,0.0,0.0,0.0,4.17,6.89,RIGHT_LANE_ONLY,321.6,1.6,0.5,,
20:24:53.259,6.4,MANUAL,0,0,0.0,0.0,0.0,4.17,6.89,RIGHT_LANE_ONLY,321.6,1.6,0.5,,
20:24:54.259,6.4,MANUAL,0,0,0.0,0.0,0.0,4.17,6.89,RIGHT_LANE_ONLY,321.6,1.6,0.5,,
20:24:55.269,6.4,MANUAL,0,0,0.0,0.0,0.0,4.17,6.89,RIGHT_LANE_ONLY,321.7,1.7,0.5,,
20:24:56.414,6.5,MANUAL,0,0,0.0,0.0,0.0,4.17,6.89,RIGHT_LANE_ONLY,321.7,1.7,0.5,,
20:24:57.587,5.3,MANUAL,0,0,0.0,0.0,0.0,4.17,6.89,RIGHT_LANE_ONLY,321.7,1.7,0.5,,
20:24:58.589,6.3,MANUAL,0,0,0.0,0.0,0.0,4.17,6.89,RIGHT_LANE_ONLY,321.7,1.7,0.5,,
20:24:59.744,6.3,MANUAL,0,0,0.0,0.0,0.0,4.17,6.89,RIGHT_LANE_ONLY,321.8,1.8,0.5,,
20:25:00.882,6.4,MANUAL,0,0,0.0,0.0,0.0,4.17,6.89,RIGHT_LANE_ONLY,321.8,1.8,0.5,,
20:25:02.003,6.4,MANUAL,0,0,0.0,0.0,0.0,4.17,6.89,RIGHT_LANE_ONLY,321.8,1.8,0.5,,
20:25:03.141,6.4,MANUAL,0,0,0.0,0.0,0.0,4.17,6.89,RIGHT_LANE_ONLY,321.9,1.9,0.5,,
20:25:04.303,5.9,MANUAL,0,0,0.0,0.0,0.0,4.17,6.89,RIGHT_LANE_ONLY,321.9,1.9,0.5,,
20:25:05.449,5.9,MANUAL,0,0,0.0,0.0,0.0,4.17,6.89,RIGHT_LANE_ONLY,322.0,2.0,0.5,,
20:25:06.572,5.9,MANUAL,0,0,0.0,0.0,0.0,4.17,6.89,RIGHT_LANE_ONLY,322.1,2.1,0.5,,
20:25:07.718,5.8,MANUAL,0,0,0.0,0.0,0.0,4.17,6.89,RIGHT_LANE_ONLY,322.2,2.2,0.5,,
20:25:08.798,5.3,MANUAL,0,0,0.0,0.0,0.0,4.17,6.89,RIGHT_LANE_ONLY,322.2,2.2,0.5,,
20:25:09.856,6.4,MANUAL,0,0,0.0,0.0,0.0,4.17,6.89,RIGHT_LANE_ONLY,322.1,2.1,0.5,,
20:25:10.999,5.0,MANUAL,0,0,0.0,0.0,0.0,4.17,6.89,RIGHT_LANE_ONLY,322.0,2.0,0.5,,
20:25:12.176,4.9,MANUAL,0,0,0.0,0.0,0.0,4.17,6.89,RIGHT_LANE_ONLY,322.0,2.0,0.5,,
20:25:13.341,4.9,MANUAL,0,0,0.0,0.0,0.0,4.17,6.89,RIGHT_LANE_ONLY,322.0,2.0,0.5,,
20:25:14.477,5.3,MANUAL,0,0,0.0,0.0,0.0,4.17,6.89,RIGHT_LANE_ONLY,322.0,2.0,0.5,,
20:25:15.581,5.0,MANUAL,0,0,0.0,0.0,0.0,4.17,6.89,RIGHT_LANE_ONLY,322.1,2.1,0.5,,
20:25:16.582,4.7,MANUAL,0,0,0.0,0.0,0.0,4.17,6.89,RIGHT_LANE_ONLY,322.0,2.0,0.5,,
20:25:17.714,5.3,MANUAL,0,0,0.0,0.0,0.0,4.17,6.89,RIGHT_LANE_ONLY,322.1,2.1,0.5,,
20:25:18.900,5.0,MANUAL,0,0,0.0,0.0,0.0,4.17,6.89,RIGHT_LANE_ONLY,322.1,2.1,0.5,,
20:25:20.067,5.0,MANUAL,0,0,0.0,0.0,0.0,4.17,6.89,RIGHT_LANE_ONLY,322.2,2.2,0.5,,
20:25:21.183,5.8,MANUAL,0,0,0.0,0.0,0.0,4.17,6.89,RIGHT_LANE_ONLY,322.3,2.3,0.5,,
20:25:22.260,5.2,MANUAL,0,0,0.0,0.0,0.0,4.17,6.89,RIGHT_LANE_ONLY,322.4,2.4,0.5,,
20:25:23.410,6.4,MANUAL,0,0,0.0,0.0,0.0,4.17,6.89,RIGHT_LANE_ONLY,322.4,2.4,0.5,,
20:25:24.506,6.5,MANUAL,0,0,0.0,0.0,0.0,4.17,6.89,RIGHT_LANE_ONLY,322.4,2.4,0.5,,
20:25:25.595,6.4,MANUAL,0,0,0.0,0.0,0.0,4.17,6.89,RIGHT_LANE_ONLY,322.4,2.4,0.5,,
20:25:26.714,6.3,MANUAL,0,0,0.0,0.0,0.0,4.17,6.89,RIGHT_LANE_ONLY,322.4,2.4,0.5,,
20:25:27.741,5.8,MANUAL,0,0,0.0,0.0,0.0,4.17,6.89,RIGHT_LANE_ONLY,322.4,2.4,0.5,,
20:25:28.937,6.4,MANUAL,0,0,0.0,0.0,0.0,4.17,6.89,RIGHT_LANE_ONLY,322.4,2.4,0.5,,
20:25:30.077,5.8,MANUAL,0,0,0.0,0.0,0.0,4.17,6.89,RIGHT_LANE_ONLY,322.4,2.4,0.5,,
20:25:31.227,6.4,MANUAL,0,0,0.0,0.0,0.0,4.17,6.89,RIGHT_LANE_ONLY,322.5,2.5,0.5,,
20:25:32.236,5.8,MANUAL,0,0,0.0,0.0,0.0,4.17,6.89,RIGHT_LANE_ONLY,322.5,2.5,0.5,,
20:25:33.257,5.7,MANUAL,0,0,0.0,0.0,0.0,4.17,6.89,RIGHT_LANE_ONLY,322.5,2.5,0.5,,
20:25:34.371,6.4,MANUAL,0,0,0.0,0.0,0.0,4.17,6.89,RIGHT_LANE_ONLY,322.6,2.6,0.5,,
20:25:35.413,5.8,MANUAL,0,0,0.0,0.0,0.0,4.17,6.89,RIGHT_LANE_ONLY,322.6,2.6,0.5,,
20:25:36.439,5.9,MANUAL,0,0,0.0,0.0,0.0,4.17,6.89,RIGHT_LANE_ONLY,322.7,2.7,0.5,,
20:25:37.469,5.8,MANUAL,0,0,0.0,0.0,0.0,4.17,6.89,RIGHT_LANE_ONLY,322.7,2.7,0.5,,
20:25:38.578,6.4,MANUAL,0,0,0.0,0.0,0.0,4.17,6.89,RIGHT_LANE_ONLY,322.7,2.7,0.5,,
20:25:39.714,5.9,MANUAL,0,0,0.0,0.0,0.0,4.17,6.89,RIGHT_LANE_ONLY,322.8,2.8,0.5,,
20:25:40.815,6.5,MANUAL,0,0,0.0,0.0,0.0,4.17,6.89,RIGHT_LANE_ONLY,322.8,2.8,0.5,,
20:25:41.815,5.8,MANUAL,0,0,0.0,0.0,0.0,4.17,6.89,RIGHT_LANE_ONLY,322.8,2.8,0.5,,
20:25:42.955,6.4,MANUAL,0,0,0.0,0.0,0.0,4.17,6.89,RIGHT_LANE_ONLY,322.8,2.8,0.5,,
20:25:44.132,5.8,MANUAL,0,0,0.0,0.0,0.0,4.17,6.89,RIGHT_LANE_ONLY,322.8,2.8,0.5,,
20:25:45.257,6.4,MANUAL,0,0,0.0,0.0,0.0,4.17,6.89,RIGHT_LANE_ONLY,322.8,2.8,0.5,,
20:25:46.396,6.4,MANUAL,0,0,0.0,0.0,0.0,4.17,6.89,RIGHT_LANE_ONLY,322.9,2.9,0.5,,
20:25:47.554,5.3,MANUAL,0,0,0.0,0.0,0.0,4.17,6.89,RIGHT_LANE_ONLY,322.9,2.9,0.5,,
20:25:48.704,5.8,MANUAL,0,0,0.0,0.0,0.0,4.17,6.89,RIGHT_LANE_ONLY,322.9,2.9,0.5,,
20:25:49.840,6.5,MANUAL,0,0,0.0,0.0,0.0,4.17,6.89,RIGHT_LANE_ONLY,322.9,2.9,0.5,,
20:25:50.969,5.9,MANUAL,0,0,0.0,0.0,0.0,4.17,6.89,RIGHT_LANE_ONLY,322.9,2.9,0.5,,
20:25:52.122,6.4,MANUAL,0,0,0.0,0.0,0.0,4.17,6.89,RIGHT_LANE_ONLY,322.8,2.8,0.5,,
20:25:53.261,6.4,MANUAL,0,0,0.0,0.0,0.0,4.17,6.89,RIGHT_LANE_ONLY,322.8,2.8,0.5,,
20:25:54.400,6.3,MANUAL,0,0,0.0,0.0,0.0,4.17,6.89,RIGHT_LANE_ONLY,322.8,2.8,0.5,,
20:25:55.519,6.4,MANUAL,0,0,0.0,0.0,0.0,4.17,6.89,RIGHT_LANE_ONLY,322.8,2.8,0.5,,
20:25:56.679,5.8,MANUAL,0,0,0.0,0.0,0.0,4.17,6.89,RIGHT_LANE_ONLY,322.8,2.8,0.5,,
20:25:57.850,5.9,MANUAL,0,0,0.0,0.0,0.0,4.17,6.89,RIGHT_LANE_ONLY,322.8,2.8,0.5,,
20:25:59.017,5.9,MANUAL,0,0,0.0,0.0,0.0,4.17,6.89,RIGHT_LANE_ONLY,322.8,2.8,0.5,,
20:26:00.161,6.4,MANUAL,0,0,0.0,0.0,0.0,4.17,6.89,RIGHT_LANE_ONLY,322.8,2.8,0.5,,
20:26:01.316,5.9,MANUAL,0,0,0.0,0.0,0.0,4.17,6.89,RIGHT_LANE_ONLY,322.8,2.8,0.5,,
20:26:02.324,6.0,MANUAL,0,0,0.0,0.0,0.0,4.17,6.89,RIGHT_LANE_ONLY,322.8,2.8,0.5,,
20:26:03.462,5.8,MANUAL,0,0,0.0,0.0,0.0,4.17,6.89,RIGHT_LANE_ONLY,322.8,2.8,0.5,,
20:26:04.489,6.4,MANUAL,0,0,0.0,0.0,0.0,4.17,6.89,RIGHT_LANE_ONLY,322.8,2.8,0.5,,
20:26:05.648,6.5,MANUAL,0,0,0.0,0.0,0.0,4.17,6.89,RIGHT_LANE_ONLY,322.9,2.9,0.5,,
20:26:06.651,6.5,MANUAL,0,0,0.0,0.0,0.0,4.17,6.89,RIGHT_LANE_ONLY,322.9,2.9,0.5,,
20:26:07.652,6.0,MANUAL,0,0,0.0,0.0,0.0,4.17,6.89,RIGHT_LANE_ONLY,322.9,2.9,0.5,,
20:26:08.798,6.3,MANUAL,0,0,0.0,0.0,0.0,4.17,6.89,RIGHT_LANE_ONLY,323.0,3.0,0.5,,
20:26:09.834,5.9,MANUAL,0,0,0.0,0.0,0.0,4.17,6.89,RIGHT_LANE_ONLY,323.0,3.0,0.5,,
20:26:10.855,5.8,MANUAL,0,0,0.0,0.0,0.0,4.17,6.89,RIGHT_LANE_ONLY,323.0,3.0,0.5,,
20:26:11.870,6.1,MANUAL,0,0,0.0,0.0,0.0,4.17,6.89,RIGHT_LANE_ONLY,323.0,3.0,0.5,,
20:26:12.883,5.3,MANUAL,0,0,0.0,0.0,0.0,4.17,6.89,RIGHT_LANE_ONLY,323.0,3.0,0.5,,
20:26:14.008,5.9,MANUAL,0,0,0.0,0.0,0.0,4.17,6.89,RIGHT_LANE_ONLY,323.0,3.0,0.5,,
20:26:15.121,5.9,MANUAL,0,0,0.0,0.0,0.0,4.17,6.89,RIGHT_LANE_ONLY,323.0,3.0,0.5,,
20:26:16.155,4.9,MANUAL,0,0,0.0,0.0,0.0,4.17,6.89,RIGHT_LANE_ONLY,323.0,3.0,0.5,,
20:26:17.298,6.3,MANUAL,0,0,0.0,0.0,0.0,4.17,6.89,RIGHT_LANE_ONLY,323.0,3.0,0.5,,
20:26:18.302,5.3,MANUAL,0,0,0.0,0.0,0.0,4.17,6.89,RIGHT_LANE_ONLY,323.0,3.0,0.5,,
20:26:19.303,6.3,MANUAL,0,0,0.0,0.0,0.0,4.17,6.89,RIGHT_LANE_ONLY,323.0,3.0,0.5,,
20:26:20.433,6.4,MANUAL,0,0,0.0,0.0,0.0,4.17,6.89,RIGHT_LANE_ONLY,323.0,3.0,0.5,,
20:26:21.549,5.8,MANUAL,0,0,0.0,0.0,0.0,4.17,6.89,RIGHT_LANE_ONLY,323.0,3.0,0.5,,
20:26:22.695,5.8,MANUAL,0,0,0.0,0.0,0.0,4.17,6.89,RIGHT_LANE_ONLY,323.0,3.0,0.5,,
20:26:23.704,5.8,MANUAL,0,0,0.0,0.0,0.0,4.17,6.89,RIGHT_LANE_ONLY,323.0,3.0,0.5,,
20:26:24.712,6.4,MANUAL,0,0,0.0,0.0,0.0,4.17,6.89,RIGHT_LANE_ONLY,323.0,3.0,0.5,,
20:26:25.824,6.3,MANUAL,0,0,0.0,0.0,0.0,4.17,6.89,RIGHT_LANE_ONLY,323.0,3.0,0.5,,
20:26:26.862,6.4,MANUAL,0,0,0.0,0.0,0.0,4.17,6.89,RIGHT_LANE_ONLY,323.0,3.0,0.5,,
20:26:27.875,6.5,MANUAL,0,0,0.0,0.0,0.0,4.17,6.89,RIGHT_LANE_ONLY,323.0,3.0,0.5,,
20:26:29.005,5.9,MANUAL,0,0,0.0,0.0,0.0,4.17,6.89,RIGHT_LANE_ONLY,323.0,3.0,0.5,,
20:26:30.167,6.4,MANUAL,0,0,0.0,0.0,0.0,4.17,6.89,RIGHT_LANE_ONLY,323.1,3.1,0.5,,
20:26:31.301,5.9,MANUAL,0,0,0.0,0.0,0.0,4.17,6.89,RIGHT_LANE_ONLY,323.1,3.1,0.5,,
20:26:32.440,6.5,MANUAL,0,0,0.0,0.0,0.0,4.17,6.89,RIGHT_LANE_ONLY,323.0,3.0,0.5,,
20:26:33.579,6.4,MANUAL,0,0,0.0,0.0,0.0,4.17,6.89,RIGHT_LANE_ONLY,322.9,2.9,0.5,,
20:26:34.730,5.8,MANUAL,0,0,0.0,0.0,0.0,4.17,6.89,RIGHT_LANE_ONLY,322.9,2.9,0.5,,
20:26:35.887,6.3,MANUAL,0,0,0.0,0.0,0.0,4.17,6.89,RIGHT_LANE_ONLY,322.9,2.9,0.5,,
20:26:36.934,5.9,MANUAL,0,0,0.0,0.0,0.0,4.17,6.89,RIGHT_LANE_ONLY,323.0,3.0,0.5,,
20:26:38.092,6.3,MANUAL,0,0,0.0,0.0,0.0,4.17,6.89,RIGHT_LANE_ONLY,323.0,3.0,0.5,,
20:26:39.094,6.4,MANUAL,0,0,0.0,0.0,0.0,4.17,6.89,RIGHT_LANE_ONLY,323.0,3.0,0.5,,
20:26:40.223,5.9,MANUAL,0,0,0.0,0.0,0.0,4.17,6.89,RIGHT_LANE_ONLY,323.0,3.0,0.5,,
20:26:41.235,5.8,MANUAL,0,0,0.0,0.0,0.0,4.17,6.89,RIGHT_LANE_ONLY,323.0,3.0,0.5,,
20:26:42.366,6.4,MANUAL,0,0,0.0,0.0,0.0,4.17,6.89,RIGHT_LANE_ONLY,323.0,3.0,0.5,,
20:26:43.523,5.9,MANUAL,0,0,0.0,0.0,0.0,4.17,6.89,RIGHT_LANE_ONLY,323.0,3.0,0.5,,
20:26:44.666,5.9,MANUAL,0,0,0.0,0.0,0.0,4.17,6.89,RIGHT_LANE_ONLY,323.0,3.0,0.5,,
20:26:45.799,6.4,MANUAL,0,0,0.0,0.0,0.0,4.17,6.89,RIGHT_LANE_ONLY,323.0,3.0,0.5,,
20:26:46.923,5.8,MANUAL,0,0,0.0,0.0,0.0,4.17,6.89,RIGHT_LANE_ONLY,323.0,3.0,0.5,,
20:26:48.069,6.4,MANUAL,0,0,0.0,0.0,0.0,4.17,6.89,RIGHT_LANE_ONLY,323.1,3.1,0.5,,
20:26:49.105,5.9,MANUAL,0,0,0.0,0.0,0.0,4.17,6.89,RIGHT_LANE_ONLY,323.1,3.1,0.5,,
20:26:50.257,5.7,MANUAL,0,0,0.0,0.0,0.0,4.17,6.89,RIGHT_LANE_ONLY,323.2,3.2,0.5,,
20:26:51.330,6.4,MANUAL,0,0,0.0,0.0,0.0,4.17,6.89,RIGHT_LANE_ONLY,323.2,3.2,0.5,,
20:26:52.378,5.8,MANUAL,0,0,0.0,0.0,0.0,4.17,6.89,RIGHT_LANE_ONLY,323.2,3.2,0.5,,
20:26:53.439,5.3,MANUAL,0,0,0.0,0.0,0.0,4.17,6.89,RIGHT_LANE_ONLY,323.2,3.2,0.5,,
20:26:54.516,5.8,MANUAL,0,0,0.0,0.0,0.0,4.17,6.89,RIGHT_LANE_ONLY,323.2,3.2,0.5,,
20:26:55.545,6.3,MANUAL,0,0,0.0,0.0,0.0,4.17,6.89,RIGHT_LANE_ONLY,323.2,3.2,0.5,,
20:26:56.689,6.4,MANUAL,0,0,0.0,0.0,0.0,4.17,6.89,RIGHT_LANE_ONLY,323.2,3.2,0.5,,
20:26:57.797,5.8,MANUAL,0,0,0.0,0.0,0.0,4.17,6.89,RIGHT_LANE_ONLY,323.2,3.2,0.5,,
20:26:58.841,5.8,MANUAL,0,0,0.0,0.0,0.0,4.17,6.89,RIGHT_LANE_ONLY,323.2,3.2,0.5,,
20:26:59.995,5.8,MANUAL,0,0,0.0,0.0,0.0,4.17,6.89,RIGHT_LANE_ONLY,323.2,3.2,0.5,,
20:27:01.116,5.9,MANUAL,0,0,0.0,0.0,0.0,4.17,6.89,RIGHT_LANE_ONLY,323.2,3.2,0.5,,
20:27:02.151,5.9,MANUAL,0,0,0.0,0.0,0.0,4.17,6.89,RIGHT_LANE_ONLY,323.1,3.1,0.5,,
20:27:03.289,5.8,MANUAL,0,0,0.0,0.0,0.0,4.17,6.89,RIGHT_LANE_ONLY,323.1,3.1,0.5,,
20:27:04.450,5.9,MANUAL,0,0,0.0,0.0,0.0,4.17,6.89,RIGHT_LANE_ONLY,323.1,3.1,0.5,,
20:27:05.601,5.8,MANUAL,0,0,0.0,0.0,0.0,4.17,6.89,RIGHT_LANE_ONLY,323.1,3.1,0.5,,
20:27:06.622,5.9,MANUAL,0,0,0.0,0.0,0.0,4.17,6.89,RIGHT_LANE_ONLY,323.1,3.1,0.5,,
20:27:07.767,6.6,MANUAL,0,0,0.0,0.0,0.0,4.17,6.89,RIGHT_LANE_ONLY,323.1,3.1,0.5,,
20:27:08.779,6.4,MANUAL,0,0,0.0,0.0,0.0,4.17,6.89,RIGHT_LANE_ONLY,323.2,3.2,0.5,,
20:27:09.907,5.9,MANUAL,0,0,0.0,0.0,0.0,4.17,6.89,RIGHT_LANE_ONLY,323.2,3.2,0.5,,
20:27:10.918,5.8,MANUAL,0,0,0.0,0.0,0.0,4.17,6.89,RIGHT_LANE_ONLY,323.2,3.2,0.5,,
20:27:11.936,5.8,MANUAL,0,0,0.0,0.0,0.0,4.17,6.89,RIGHT_LANE_ONLY,323.2,3.2,0.5,,
20:27:13.062,6.3,MANUAL,0,0,0.0,0.0,0.0,4.17,6.89,RIGHT_LANE_ONLY,323.2,3.2,0.5,,
20:27:14.065,5.8,MANUAL,0,0,0.0,0.0,0.0,4.17,6.89,RIGHT_LANE_ONLY,323.2,3.2,0.5,,
20:27:15.199,5.8,MANUAL,0,0,0.0,0.0,0.0,4.17,6.89,RIGHT_LANE_ONLY,323.2,3.2,0.5,,
20:27:16.218,5.9,MANUAL,0,0,0.0,0.0,0.0,4.17,6.89,RIGHT_LANE_ONLY,323.2,3.2,0.5,,
20:27:17.355,5.8,MANUAL,0,0,0.0,0.0,0.0,4.17,6.89,RIGHT_LANE_ONLY,323.2,3.2,0.5,,
20:27:18.376,5.3,MANUAL,0,0,0.0,0.0,0.0,4.17,6.89,RIGHT_LANE_ONLY,323.2,3.2,0.5,,
20:27:19.526,5.8,MANUAL,0,0,0.0,0.0,0.0,4.17,6.89,RIGHT_LANE_ONLY,323.2,3.2,0.5,,
20:27:20.657,6.4,MANUAL,0,0,0.0,0.0,0.0,4.17,6.89,RIGHT_LANE_ONLY,323.2,3.2,0.5,,
20:27:21.791,5.8,MANUAL,0,0,0.0,0.0,0.0,4.17,6.89,RIGHT_LANE_ONLY,323.2,3.2,0.5,,
20:27:22.849,5.4,MANUAL,0,0,0.0,0.0,0.0,4.17,6.89,RIGHT_LANE_ONLY,323.2,3.2,0.5,,
20:27:23.979,6.0,MANUAL,0,0,0.0,0.0,0.0,4.17,6.89,RIGHT_LANE_ONLY,323.2,3.2,0.5,,
20:27:25.103,6.3,MANUAL,0,0,0.0,0.0,0.0,4.17,6.89,RIGHT_LANE_ONLY,323.2,3.2,0.5,,
20:27:26.260,5.9,MANUAL,0,0,0.0,0.0,0.0,4.17,6.89,RIGHT_LANE_ONLY,323.2,3.2,0.5,,
20:27:27.377,6.4,MANUAL,0,0,0.0,0.0,0.0,4.17,6.89,RIGHT_LANE_ONLY,323.2,3.2,0.5,,
20:27:28.398,5.9,MANUAL,0,0,0.0,0.0,0.0,4.17,6.89,RIGHT_LANE_ONLY,323.2,3.2,0.5,,
20:27:29.401,5.8,MANUAL,0,0,0.0,0.0,0.0,4.17,6.89,RIGHT_LANE_ONLY,323.2,3.2,0.5,,
20:27:30.536,6.4,MANUAL,0,0,0.0,0.0,0.0,4.17,6.89,RIGHT_LANE_ONLY,323.2,3.2,0.5,,
20:27:31.537,5.4,MANUAL,0,0,0.0,0.0,0.0,4.17,6.89,RIGHT_LANE_ONLY,323.2,3.2,0.5,,
20:27:32.570,5.9,MANUAL,0,0,0.0,0.0,0.0,4.17,6.89,RIGHT_LANE_ONLY,323.2,3.2,0.5,,
20:27:33.591,5.8,MANUAL,0,0,0.0,0.0,0.0,4.17,6.89,RIGHT_LANE_ONLY,323.2,3.2,0.5,,
20:27:34.605,5.8,MANUAL,0,0,0.0,0.0,0.0,4.17,6.89,RIGHT_LANE_ONLY,323.2,3.2,0.5,,
20:27:35.746,5.8,MANUAL,0,0,0.0,0.0,0.0,4.17,6.89,RIGHT_LANE_ONLY,323.2,3.2,0.5,,
20:27:36.908,5.9,MANUAL,0,0,0.0,0.0,0.0,4.17,6.89,RIGHT_LANE_ONLY,323.2,3.2,0.5,,
20:27:37.914,6.4,MANUAL,0,0,0.0,0.0,0.0,4.17,6.89,RIGHT_LANE_ONLY,323.2,3.2,0.5,,
20:27:39.055,6.5,MANUAL,0,0,0.0,0.0,0.0,4.17,6.89,RIGHT_LANE_ONLY,323.2,3.2,0.5,,
20:27:40.214,6.5,MANUAL,0,0,0.0,0.0,0.0,4.17,6.89,RIGHT_LANE_ONLY,323.2,3.2,0.5,,
20:27:41.220,5.9,MANUAL,0,0,0.0,0.0,0.0,4.17,6.89,RIGHT_LANE_ONLY,323.2,3.2,0.5,,
20:27:42.221,5.8,MANUAL,0,0,0.0,0.0,0.0,4.17,6.89,RIGHT_LANE_ONLY,323.2,3.2,0.5,,
20:27:43.232,6.4,MANUAL,0,0,0.0,0.0,0.0,4.17,6.89,RIGHT_LANE_ONLY,323.2,3.2,0.5,,
20:27:44.236,6.0,MANUAL,0,0,0.0,0.0,0.0,4.17,6.89,RIGHT_LANE_ONLY,323.2,3.2,0.5,,
20:27:45.403,5.9,MANUAL,0,0,0.0,0.0,0.0,4.17,6.89,RIGHT_LANE_ONLY,323.2,3.2,0.5,,
20:27:46.408,5.9,MANUAL,0,0,0.0,0.0,0.0,4.17,6.89,RIGHT_LANE_ONLY,323.2,3.2,0.5,,
20:27:47.574,5.8,MANUAL,0,0,0.0,0.0,0.0,4.17,6.89,RIGHT_LANE_ONLY,323.2,3.2,0.5,,
20:27:48.718,5.9,MANUAL,0,0,0.0,0.0,0.0,4.17,6.89,RIGHT_LANE_ONLY,323.2,3.2,0.5,,
20:27:49.876,5.8,MANUAL,0,0,0.0,0.0,0.0,4.17,6.89,RIGHT_LANE_ONLY,323.1,3.1,0.5,,
20:27:50.892,5.8,MANUAL,0,0,0.0,0.0,0.0,4.17,6.89,RIGHT_LANE_ONLY,323.1,3.1,0.5,,
20:27:52.025,6.4,MANUAL,0,0,0.0,0.0,0.0,4.17,6.89,RIGHT_LANE_ONLY,323.1,3.1,0.5,,
20:27:53.189,5.8,MANUAL,0,0,0.0,0.0,0.0,4.17,6.89,RIGHT_LANE_ONLY,323.1,3.1,0.5,,
20:27:54.350,5.8,MANUAL,0,0,0.0,0.0,0.0,4.17,6.89,RIGHT_LANE_ONLY,323.1,3.1,0.5,,
20:27:55.511,5.9,MANUAL,0,0,0.0,0.0,0.0,4.17,6.89,RIGHT_LANE_ONLY,323.1,3.1,0.5,,
20:27:56.634,6.5,MANUAL,0,0,0.0,0.0,0.0,4.17,6.89,RIGHT_LANE_ONLY,323.1,3.1,0.5,,
20:27:57.774,5.4,MANUAL,0,0,0.0,0.0,0.0,4.17,6.89,RIGHT_LANE_ONLY,323.1,3.1,0.5,,
20:27:58.834,5.3,MANUAL,0,0,0.0,0.0,0.0,4.17,6.89,RIGHT_LANE_ONLY,323.1,3.1,0.5,,
20:27:59.909,5.4,MANUAL,0,0,0.0,0.0,0.0,4.17,6.89,RIGHT_LANE_ONLY,323.1,3.1,0.5,,
20:28:00.922,6.5,MANUAL,0,0,0.0,0.0,0.0,4.17,6.89,RIGHT_LANE_ONLY,323.2,3.2,0.5,,
20:28:01.966,6.4,MANUAL,0,0,0.0,0.0,0.0,4.17,6.89,RIGHT_LANE_ONLY,323.2,3.2,0.5,,
20:28:03.104,5.8,MANUAL,0,0,0.0,0.0,0.0,4.17,6.89,RIGHT_LANE_ONLY,323.2,3.2,0.5,,
20:28:04.152,6.4,MANUAL,0,0,0.0,0.0,0.0,4.17,6.89,RIGHT_LANE_ONLY,323.2,3.2,0.5,,
20:28:05.170,6.3,MANUAL,0,0,0.0,0.0,0.0,4.17,6.89,RIGHT_LANE_ONLY,323.2,3.2,0.5,,
20:28:06.307,6.4,MANUAL,0,0,0.0,0.0,0.0,4.17,6.89,RIGHT_LANE_ONLY,323.3,3.3,0.5,,
20:28:07.467,5.9,MANUAL,0,0,0.0,0.0,0.0,4.17,6.89,RIGHT_LANE_ONLY,323.3,3.3,0.5,,
20:28:08.490,6.5,MANUAL,0,0,0.0,0.0,0.0,4.17,6.89,RIGHT_LANE_ONLY,323.3,3.3,0.5,,
20:28:09.503,5.4,MANUAL,0,0,0.0,0.0,0.0,4.17,6.89,RIGHT_LANE_ONLY,323.3,3.3,0.5,,
20:28:10.666,5.8,MANUAL,0,0,0.0,0.0,0.0,4.17,6.89,RIGHT_LANE_ONLY,323.3,3.3,0.5,,
20:28:11.692,5.8,MANUAL,0,0,0.0,0.0,0.0,4.17,6.89,RIGHT_LANE_ONLY,323.3,3.3,0.5,,
20:28:12.822,5.9,MANUAL,0,0,0.0,0.0,0.0,4.17,6.89,RIGHT_LANE_ONLY,323.3,3.3,0.5,,
20:28:13.837,5.8,MANUAL,0,0,0.0,0.0,0.0,4.17,6.89,RIGHT_LANE_ONLY,323.3,3.3,0.5,,
20:28:14.929,6.4,MANUAL,0,0,0.0,0.0,0.0,4.17,6.89,RIGHT_LANE_ONLY,332.0,12.0,0.5,,
20:28:15.981,5.8,MANUAL,0,0,0.0,0.0,0.0,4.17,6.89,RIGHT_LANE_ONLY,328.5,8.5,0.5,,
20:28:17.074,7.1,MANUAL,0,0,0.0,0.0,0.0,4.17,6.89,RIGHT_LANE_ONLY,504.0,184.0,0.5,,
20:28:18.112,7.2,MANUAL,0,0,0.0,0.0,0.0,4.17,6.89,RIGHT_LANE_ONLY,503.8,183.8,0.5,,
20:28:19.256,7.1,MANUAL,0,0,0.0,0.0,0.0,4.17,6.89,RIGHT_LANE_ONLY,505.1,185.1,0.5,,
20:28:20.278,7.2,MANUAL,0,0,0.0,0.0,0.0,4.17,6.89,CENTER_DUAL,387.1,67.1,1.0,,
20:28:21.446,5.3,MANUAL,0,0,0.0,0.0,0.0,4.17,6.89,CENTER_DUAL,331.0,11.0,1.0,,
20:28:22.595,5.0,MANUAL,0,0,0.0,0.0,0.0,4.17,6.89,LEFT_LANE_ONLY,315.7,-4.3,0.5,,
20:28:23.693,7.0,MANUAL,0,0,0.0,0.0,0.0,4.17,6.89,LEFT_LANE_ONLY,83.3,-236.7,0.5,,
20:28:24.748,6.4,MANUAL,0,0,0.0,0.0,0.0,4.17,6.89,LEFT_LANE_ONLY,175.9,-144.1,0.5,,
20:28:25.774,7.1,MANUAL,0,0,0.0,0.0,0.0,4.17,6.89,LEFT_LANE_ONLY,293.9,-26.1,0.5,,
20:28:26.781,8.0,MANUAL,0,0,0.0,0.0,0.0,4.17,6.89,LEFT_LANE_ONLY,208.5,-111.5,0.5,,
20:28:27.889,7.0,MANUAL,0,0,0.0,0.0,0.0,4.17,6.89,LEFT_LANE_ONLY,211.5,-108.5,0.5,,
20:28:28.965,6.3,MANUAL,0,0,0.0,0.0,0.0,4.17,6.89,LEFT_LANE_ONLY,210.4,-109.6,0.5,,
20:28:30.001,7.1,MANUAL,0,0,0.0,0.0,0.0,4.17,6.89,LEFT_LANE_ONLY,210.6,-109.4,0.5,,
20:28:31.051,5.9,MANUAL,0,0,0.0,0.0,0.0,4.17,6.89,LEFT_LANE_ONLY,210.0,-110.0,0.5,,
20:28:32.088,5.5,MANUAL,0,0,0.0,0.0,0.0,4.17,6.89,LEFT_LANE_ONLY,281.1,-38.9,0.5,,
20:28:33.204,5.3,MANUAL,0,0,0.0,0.0,0.0,4.17,6.89,LEFT_LANE_ONLY,227.0,-93.0,0.5,,
20:28:34.251,5.3,MANUAL,0,0,0.0,0.0,0.0,4.17,6.89,LEFT_LANE_ONLY,222.7,-97.3,0.5,,
20:28:35.280,5.4,MANUAL,0,0,0.0,0.0,0.0,4.17,6.89,LEFT_LANE_ONLY,190.5,-129.5,0.5,,
20:28:36.435,5.8,MANUAL,0,0,0.0,0.0,0.0,4.17,6.89,LEFT_LANE_ONLY,186.4,-133.6,0.5,,
20:28:37.454,5.3,MANUAL,0,0,0.0,0.0,0.0,4.17,6.89,LEFT_LANE_ONLY,186.4,-133.6,0.5,,
20:28:38.467,6.3,MANUAL,0,0,0.0,0.0,0.0,4.17,6.89,LEFT_LANE_ONLY,186.5,-133.5,0.5,,
20:28:39.530,5.3,MANUAL,0,0,0.0,0.0,0.0,4.17,6.89,LEFT_LANE_ONLY,186.6,-133.4,0.5,,
20:28:40.692,5.0,MANUAL,0,0,0.0,0.0,0.0,4.17,6.89,LEFT_LANE_ONLY,192.2,-127.8,0.5,,
20:28:41.774,5.4,MANUAL,0,0,0.0,0.0,0.0,4.17,6.89,LEFT_LANE_ONLY,199.4,-120.6,0.5,,
20:28:42.914,5.0,MANUAL,0,0,0.0,0.0,0.0,4.17,6.89,LEFT_LANE_ONLY,208.6,-111.4,0.5,,
20:28:44.107,5.0,MANUAL,0,0,0.0,0.0,0.0,4.17,6.89,LEFT_LANE_ONLY,213.0,-107.0,0.5,,
20:28:45.132,4.6,MANUAL,0,0,0.0,0.0,0.0,4.17,6.89,LEFT_LANE_ONLY,217.4,-102.6,0.5,,
20:28:46.149,4.9,MANUAL,0,0,0.0,0.0,0.0,4.17,6.89,LEFT_LANE_ONLY,218.3,-101.7,0.5,,
20:28:47.321,5.0,MANUAL,0,0,0.0,0.0,0.0,4.17,6.89,LEFT_LANE_ONLY,219.0,-101.0,0.5,,
20:28:48.488,4.9,MANUAL,0,0,0.0,0.0,0.0,4.17,6.89,LEFT_LANE_ONLY,218.9,-101.1,0.5,,
20:28:49.593,5.8,MANUAL,0,0,0.0,0.0,0.0,4.17,6.89,LEFT_LANE_ONLY,214.8,-105.2,0.5,,
20:28:50.691,5.3,MANUAL,0,0,0.0,0.0,0.0,4.17,6.89,LEFT_LANE_ONLY,237.6,-82.4,0.5,,
20:28:51.726,7.9,MANUAL,0,0,0.0,0.0,0.0,4.17,6.89,LEFT_LANE_ONLY,266.9,-53.1,0.5,,
20:28:52.829,5.3,MANUAL,0,0,0.0,0.0,0.0,4.17,6.89,LEFT_LANE_ONLY,265.8,-54.2,0.5,,
20:28:53.960,5.7,MANUAL,0,0,0.0,0.0,0.0,4.17,6.89,LEFT_LANE_ONLY,269.7,-50.3,0.5,,
20:28:55.012,5.9,MANUAL,0,0,0.0,0.0,0.0,4.17,6.89,LEFT_LANE_ONLY,271.1,-48.9,0.5,,
20:28:56.144,5.4,MANUAL,0,0,0.0,0.0,0.0,4.17,6.89,LEFT_LANE_ONLY,272.5,-47.5,0.5,,
20:28:57.337,4.9,MANUAL,0,0,0.0,0.0,0.0,4.17,6.89,LEFT_LANE_ONLY,275.1,-44.9,0.5,,
20:28:58.404,5.4,MANUAL,0,0,0.0,0.0,0.0,4.17,6.89,LEFT_LANE_ONLY,277.5,-42.5,0.5,,
20:28:59.469,5.8,MANUAL,0,0,0.0,0.0,0.0,4.17,6.89,LEFT_LANE_ONLY,266.6,-53.4,0.5,,
20:29:00.470,5.0,MANUAL,0,0,0.0,0.0,0.0,4.17,6.89,LEFT_LANE_ONLY,261.6,-58.4,0.5,,
20:29:01.601,5.3,MANUAL,0,0,0.0,0.0,0.0,4.17,6.89,LEFT_LANE_ONLY,208.4,-111.6,0.5,,
20:29:02.685,5.9,MANUAL,0,0,0.0,0.0,0.0,4.17,6.89,LEFT_LANE_ONLY,194.9,-125.1,0.5,,
20:29:03.744,5.8,MANUAL,0,0,0.0,0.0,0.0,4.17,6.89,LEFT_LANE_ONLY,186.2,-133.8,0.5,,
20:29:04.842,5.4,MANUAL,0,0,0.0,0.0,0.0,4.17,6.89,LEFT_LANE_ONLY,146.6,-173.4,0.5,,
20:29:05.946,6.5,MANUAL,0,0,0.0,0.0,0.0,4.17,6.89,LEFT_LANE_ONLY,147.0,-173.0,0.5,,
20:29:06.973,5.8,MANUAL,0,0,0.0,0.0,0.0,4.17,6.89,LEFT_LANE_ONLY,146.9,-173.1,0.5,,
20:29:07.975,5.8,MANUAL,0,0,0.0,0.0,0.0,4.17,6.89,LEFT_LANE_ONLY,151.2,-168.8,0.5,,
20:29:08.993,5.9,MANUAL,0,0,0.0,0.0,0.0,4.17,6.89,LEFT_LANE_ONLY,151.8,-168.2,0.5,,
20:29:09.994,5.8,MANUAL,0,0,0.0,0.0,0.0,4.17,6.89,LEFT_LANE_ONLY,247.2,-72.8,0.5,,
20:29:11.023,9.1,MANUAL,0,0,0.0,0.0,0.0,4.17,6.89,LEFT_LANE_ONLY,289.3,-30.7,0.5,,
20:29:12.043,9.8,MANUAL,0,0,0.0,0.0,0.0,4.17,6.89,LEFT_LANE_ONLY,310.2,-9.8,0.5,,
20:29:13.102,10.8,MANUAL,0,0,0.0,0.0,0.0,4.17,6.89,LEFT_LANE_ONLY,695.1,375.1,0.5,,
20:29:14.133,10.9,MANUAL,0,0,0.0,0.0,0.0,4.17,6.89,LEFT_LANE_ONLY,679.6,359.6,0.5,,
20:29:15.199,9.8,MANUAL,0,0,0.0,0.0,0.0,4.17,6.89,LEFT_LANE_ONLY,687.0,367.0,0.5,,
20:29:16.257,10.7,MANUAL,0,0,0.0,0.0,0.0,4.17,6.89,LEFT_LANE_ONLY,572.8,252.8,0.5,,
20:29:17.346,10.7,MANUAL,0,0,0.0,0.0,0.0,4.17,6.89,LEFT_LANE_ONLY,467.5,147.5,0.5,,
20:29:18.349,10.2,MANUAL,0,0,0.0,0.0,0.0,4.17,6.89,LEFT_LANE_ONLY,465.4,145.4,0.5,,
20:29:19.362,10.3,MANUAL,0,0,0.0,0.0,0.0,4.17,6.89,LEFT_LANE_ONLY,465.2,145.2,0.5,,
20:29:20.371,9.6,MANUAL,0,0,0.0,0.0,0.0,4.17,6.89,LEFT_LANE_ONLY,465.4,145.4,0.5,,
20:29:21.379,9.9,MANUAL,0,0,0.0,0.0,0.0,4.17,6.89,LEFT_LANE_ONLY,420.4,100.4,0.5,,
20:29:22.426,11.2,MANUAL,0,0,0.0,0.0,0.0,4.17,6.89,LEFT_LANE_ONLY,181.5,-138.5,0.5,,
20:29:23.432,11.4,MANUAL,0,0,0.0,0.0,0.0,4.17,6.89,LEFT_LANE_ONLY,78.2,-241.8,0.5,,
20:29:24.444,11.0,MANUAL,0,0,0.0,0.0,0.0,4.17,6.89,LEFT_LANE_ONLY,146.4,-173.6,0.5,,
20:29:25.476,10.5,MANUAL,0,0,0.0,0.0,0.0,4.17,6.89,LEFT_LANE_ONLY,163.2,-156.8,0.5,,
20:29:26.545,9.8,MANUAL,0,0,0.0,0.0,0.0,4.17,6.89,LEFT_LANE_ONLY,180.9,-139.1,0.5,,
20:29:27.545,10.0,MANUAL,0,0,0.0,0.0,0.0,4.17,6.89,LEFT_LANE_ONLY,197.3,-122.7,0.5,,
20:29:28.603,10.3,MANUAL,0,0,0.0,0.0,0.0,4.17,6.89,LEFT_LANE_ONLY,205.0,-115.0,0.5,,
20:29:29.666,10.4,MANUAL,0,0,0.0,0.0,0.0,4.17,6.89,LEFT_LANE_ONLY,208.7,-111.3,0.5,,
20:29:30.727,10.2,MANUAL,0,0,0.0,0.0,0.0,4.17,6.89,LEFT_LANE_ONLY,210.8,-109.2,0.5,,
20:29:31.816,10.5,MANUAL,0,0,0.0,0.0,0.0,4.17,6.89,LEFT_LANE_ONLY,212.5,-107.5,0.5,,
20:29:32.893,10.2,MANUAL,0,0,0.0,0.0,0.0,4.17,6.89,LEFT_LANE_ONLY,213.4,-106.6,0.5,,
20:29:33.949,10.3,MANUAL,0,0,0.0,0.0,0.0,4.17,6.89,LEFT_LANE_ONLY,213.4,-106.6,0.5,,
20:29:35.017,10.2,MANUAL,0,0,0.0,0.0,0.0,4.17,6.89,LEFT_LANE_ONLY,213.0,-107.0,0.5,,
20:29:36.063,10.8,MANUAL,0,0,0.0,0.0,0.0,4.17,6.89,LEFT_LANE_ONLY,213.4,-106.6,0.5,,
20:29:37.141,10.6,MANUAL,0,0,0.0,0.0,0.0,4.17,6.89,LEFT_LANE_ONLY,216.5,-103.5,0.5,,
20:29:38.192,10.0,MANUAL,0,0,0.0,0.0,0.0,4.17,6.89,LEFT_LANE_ONLY,217.8,-102.2,0.5,,
20:29:39.214,10.2,MANUAL,0,0,0.0,0.0,0.0,4.17,6.89,LEFT_LANE_ONLY,218.1,-101.9,0.5,,
20:29:40.291,10.5,MANUAL,0,0,0.0,0.0,0.0,4.17,6.89,LEFT_LANE_ONLY,218.3,-101.7,0.5,,
20:29:41.346,10.4,MANUAL,0,0,0.0,0.0,0.0,4.17,6.89,LEFT_LANE_ONLY,218.9,-101.1,0.5,,
20:29:42.425,10.7,MANUAL,0,0,0.0,0.0,0.0,4.17,6.89,LEFT_LANE_ONLY,217.8,-102.2,0.5,,
20:29:43.498,10.1,MANUAL,0,0,0.0,0.0,0.0,4.17,6.89,LEFT_LANE_ONLY,215.5,-104.5,0.5,,
20:29:44.571,10.0,MANUAL,0,0,0.0,0.0,0.0,4.17,6.89,LEFT_LANE_ONLY,213.4,-106.6,0.5,,
20:29:45.654,10.4,MANUAL,0,0,0.0,0.0,0.0,4.17,6.89,LEFT_LANE_ONLY,211.2,-108.8,0.5,,
20:29:46.719,10.3,MANUAL,0,0,0.0,0.0,0.0,4.17,6.89,LEFT_LANE_ONLY,209.0,-111.0,0.5,,
20:29:47.794,10.7,MANUAL,0,0,0.0,0.0,0.0,4.17,6.89,LEFT_LANE_ONLY,208.6,-111.4,0.5,,
20:29:48.866,10.2,MANUAL,0,0,0.0,0.0,0.0,4.17,6.89,LEFT_LANE_ONLY,208.3,-111.7,0.5,,
20:29:49.910,10.7,MANUAL,0,0,0.0,0.0,0.0,4.17,6.89,LEFT_LANE_ONLY,207.9,-112.1,0.5,,
20:29:50.978,9.9,MANUAL,0,0,0.0,0.0,0.0,4.17,6.89,LEFT_LANE_ONLY,208.8,-111.2,0.5,,
20:29:52.054,10.6,MANUAL,0,0,0.0,0.0,0.0,4.17,6.89,LEFT_LANE_ONLY,208.8,-111.2,0.5,,
20:29:53.095,10.7,MANUAL,0,0,0.0,0.0,0.0,4.17,6.89,LEFT_LANE_ONLY,208.9,-111.1,0.5,,
20:29:54.138,10.0,MANUAL,0,0,0.0,0.0,0.0,4.17,6.89,LEFT_LANE_ONLY,207.5,-112.5,0.5,,
20:29:55.187,10.6,MANUAL,0,0,0.0,0.0,0.0,4.17,6.89,LEFT_LANE_ONLY,205.8,-114.2,0.5,,
20:29:56.255,10.1,MANUAL,0,0,0.0,0.0,0.0,4.17,6.89,LEFT_LANE_ONLY,204.5,-115.5,0.5,,
20:29:57.298,10.2,MANUAL,0,0,0.0,0.0,0.0,4.17,6.89,LEFT_LANE_ONLY,203.1,-116.9,0.5,,
20:29:58.350,10.8,MANUAL,0,0,0.0,0.0,0.0,4.17,6.89,LEFT_LANE_ONLY,201.7,-118.3,0.5,,
20:29:59.421,10.1,MANUAL,0,0,0.0,0.0,0.0,4.17,6.89,LEFT_LANE_ONLY,202.2,-117.8,0.5,,
20:30:00.479,10.6,MANUAL,0,0,0.0,0.0,0.0,4.17,6.89,LEFT_LANE_ONLY,204.3,-115.7,0.5,,
20:30:01.527,10.8,MANUAL,0,0,0.0,0.0,0.0,4.17,6.89,LEFT_LANE_ONLY,204.8,-115.2,0.5,,
20:30:02.576,10.5,MANUAL,0,0,0.0,0.0,0.0,4.17,6.89,LEFT_LANE_ONLY,204.1,-115.9,0.5,,
20:30:03.627,10.6,MANUAL,0,0,0.0,0.0,0.0,4.17,6.89,LEFT_LANE_ONLY,203.1,-116.9,0.5,,
20:30:04.677,10.9,MANUAL,0,0,0.0,0.0,0.0,4.17,6.89,LEFT_LANE_ONLY,202.1,-117.9,0.5,,
20:30:05.731,10.7,MANUAL,0,0,0.0,0.0,0.0,4.17,6.89,LEFT_LANE_ONLY,201.5,-118.5,0.5,,
20:30:06.771,10.4,MANUAL,0,0,0.0,0.0,0.0,4.17,6.89,LEFT_LANE_ONLY,201.2,-118.8,0.5,,
20:30:07.839,10.9,MANUAL,0,0,0.0,0.0,0.0,4.17,6.89,LEFT_LANE_ONLY,201.1,-118.9,0.5,,
20:30:08.877,10.8,MANUAL,0,0,0.0,0.0,0.0,4.17,6.89,LEFT_LANE_ONLY,200.7,-119.3,0.5,,
20:30:09.919,10.3,MANUAL,0,0,0.0,0.0,0.0,4.17,6.89,LEFT_LANE_ONLY,200.5,-119.5,0.5,,
20:30:10.977,9.6,MANUAL,0,0,0.0,0.0,0.0,4.17,6.89,LEFT_LANE_ONLY,200.8,-119.2,0.5,,
20:30:12.045,10.4,MANUAL,0,0,0.0,0.0,0.0,4.17,6.89,LEFT_LANE_ONLY,201.5,-118.5,0.5,,
20:30:13.104,10.5,MANUAL,0,0,0.0,0.0,0.0,4.17,6.89,LEFT_LANE_ONLY,202.3,-117.7,0.5,,
20:30:14.153,10.6,MANUAL,0,0,0.0,0.0,0.0,4.17,6.89,LEFT_LANE_ONLY,202.7,-117.3,0.5,,
20:30:15.216,10.8,MANUAL,0,0,0.0,0.0,0.0,4.17,6.89,LEFT_LANE_ONLY,203.7,-116.3,0.5,,
20:30:16.309,10.2,MANUAL,0,0,0.0,0.0,0.0,4.17,6.89,LEFT_LANE_ONLY,205.6,-114.4,0.5,,
20:30:17.371,10.3,MANUAL,0,0,0.0,0.0,0.0,4.17,6.89,LEFT_LANE_ONLY,207.0,-113.0,0.5,,
20:30:18.443,10.9,MANUAL,0,0,0.0,0.0,0.0,4.17,6.89,LEFT_LANE_ONLY,207.6,-112.4,0.5,,
20:30:19.520,10.5,MANUAL,0,0,0.0,0.0,0.0,4.17,6.89,LEFT_LANE_ONLY,208.1,-111.9,0.5,,
20:30:20.567,10.6,MANUAL,0,0,0.0,0.0,0.0,4.17,6.89,LEFT_LANE_ONLY,208.8,-111.2,0.5,,
20:30:21.607,11.0,MANUAL,0,0,0.0,0.0,0.0,4.17,6.89,LEFT_LANE_ONLY,208.7,-111.3,0.5,,
20:30:22.672,9.8,MANUAL,0,0,0.0,0.0,0.0,4.17,6.89,LEFT_LANE_ONLY,209.4,-110.6,0.5,,
20:30:23.740,9.9,MANUAL,0,0,0.0,0.0,0.0,4.17,6.89,LEFT_LANE_ONLY,211.1,-108.9,0.5,,
20:30:24.794,10.7,MANUAL,0,0,0.0,0.0,0.0,4.17,6.89,LEFT_LANE_ONLY,212.0,-108.0,0.5,,
20:30:25.855,10.1,MANUAL,0,0,0.0,0.0,0.0,4.17,6.89,LEFT_LANE_ONLY,212.2,-107.8,0.5,,
20:30:26.908,10.3,MANUAL,0,0,0.0,0.0,0.0,4.17,6.89,LEFT_LANE_ONLY,211.7,-108.3,0.5,,
20:30:28.007,10.2,MANUAL,0,0,0.0,0.0,0.0,4.17,6.89,LEFT_LANE_ONLY,210.7,-109.3,0.5,,
20:30:29.075,10.2,MANUAL,0,0,0.0,0.0,0.0,4.17,6.89,LEFT_LANE_ONLY,210.6,-109.4,0.5,,
20:30:30.128,10.5,MANUAL,0,0,0.0,0.0,0.0,4.17,6.89,LEFT_LANE_ONLY,211.1,-108.9,0.5,,
20:30:31.178,10.8,MANUAL,0,0,0.0,0.0,0.0,4.17,6.89,LEFT_LANE_ONLY,211.5,-108.5,0.5,,
20:30:32.259,10.6,MANUAL,0,0,0.0,0.0,0.0,4.17,6.89,LEFT_LANE_ONLY,211.9,-108.1,0.5,,
20:30:33.342,10.1,MANUAL,0,0,0.0,0.0,0.0,4.17,6.89,LEFT_LANE_ONLY,212.2,-107.8,0.5,,
20:30:34.410,10.1,MANUAL,0,0,0.0,0.0,0.0,4.17,6.89,LEFT_LANE_ONLY,212.5,-107.5,0.5,,
20:30:35.473,10.3,MANUAL,0,0,0.0,0.0,0.0,4.17,6.89,LEFT_LANE_ONLY,212.7,-107.3,0.5,,
20:30:36.543,9.7,MANUAL,0,0,0.0,0.0,0.0,4.17,6.89,LEFT_LANE_ONLY,212.9,-107.1,0.5,,
20:30:37.631,9.4,MANUAL,0,0,0.0,0.0,0.0,4.17,6.89,LEFT_LANE_ONLY,212.4,-107.6,0.5,,
20:30:38.712,10.2,MANUAL,0,0,0.0,0.0,0.0,4.17,6.89,LEFT_LANE_ONLY,212.4,-107.6,0.5,,
20:30:39.778,10.4,MANUAL,0,0,0.0,0.0,0.0,4.17,6.89,LEFT_LANE_ONLY,212.4,-107.6,0.5,,
20:30:40.821,10.3,MANUAL,0,0,0.0,0.0,0.0,4.17,6.89,LEFT_LANE_ONLY,212.1,-107.9,0.5,,
20:30:41.885,9.8,MANUAL,0,0,0.0,0.0,0.0,4.17,6.89,LEFT_LANE_ONLY,212.3,-107.7,0.5,,
20:30:42.959,10.4,MANUAL,0,0,0.0,0.0,0.0,4.17,6.89,LEFT_LANE_ONLY,212.7,-107.3,0.5,,
20:30:44.044,10.8,MANUAL,0,0,0.0,0.0,0.0,4.17,6.89,LEFT_LANE_ONLY,212.6,-107.4,0.5,,
20:30:45.110,10.1,MANUAL,0,0,0.0,0.0,0.0,4.17,6.89,LEFT_LANE_ONLY,212.8,-107.2,0.5,,
20:30:46.163,10.5,MANUAL,0,0,0.0,0.0,0.0,4.17,6.89,LEFT_LANE_ONLY,213.2,-106.8,0.5,,
20:30:47.215,10.6,MANUAL,0,0,0.0,0.0,0.0,4.17,6.89,LEFT_LANE_ONLY,213.4,-106.6,0.5,,
20:30:48.298,10.4,MANUAL,0,0,0.0,0.0,0.0,4.17,6.89,LEFT_LANE_ONLY,216.9,-103.1,0.5,,
20:30:49.363,10.4,MANUAL,0,0,0.0,0.0,0.0,4.17,6.89,LEFT_LANE_ONLY,216.5,-103.5,0.5,,
20:30:50.428,10.3,MANUAL,0,0,0.0,0.0,0.0,4.17,6.89,LEFT_LANE_ONLY,218.3,-101.7,0.5,,
20:30:51.498,10.6,MANUAL,0,0,0.0,0.0,0.0,4.17,6.89,LEFT_LANE_ONLY,217.7,-102.3,0.5,,
20:30:52.581,9.3,MANUAL,0,0,0.0,0.0,0.0,4.17,6.89,LEFT_LANE_ONLY,218.0,-102.0,0.5,,
20:30:53.650,10.4,MANUAL,0,0,0.0,0.0,0.0,4.17,6.89,LEFT_LANE_ONLY,217.9,-102.1,0.5,,
20:30:54.705,10.6,MANUAL,0,0,0.0,0.0,0.0,4.17,6.89,LEFT_LANE_ONLY,217.9,-102.1,0.5,,
20:30:55.769,10.5,MANUAL,0,0,0.0,0.0,0.0,4.17,6.89,LEFT_LANE_ONLY,218.3,-101.7,0.5,,
20:30:56.851,10.8,MANUAL,0,0,0.0,0.0,0.0,4.17,6.89,LEFT_LANE_ONLY,218.1,-101.9,0.5,,
20:30:57.932,9.9,MANUAL,0,0,0.0,0.0,0.0,4.17,6.89,LEFT_LANE_ONLY,218.0,-102.0,0.5,,
20:30:59.013,10.2,MANUAL,0,0,0.0,0.0,0.0,4.17,6.89,LEFT_LANE_ONLY,217.7,-102.3,0.5,,
20:31:00.073,10.3,MANUAL,0,0,0.0,0.0,0.0,4.17,6.89,LEFT_LANE_ONLY,218.3,-101.7,0.5,,
20:31:01.151,10.6,MANUAL,0,0,0.0,0.0,0.0,4.17,6.89,LEFT_LANE_ONLY,218.5,-101.5,0.5,,
20:31:02.222,10.6,MANUAL,0,0,0.0,0.0,0.0,4.17,6.89,LEFT_LANE_ONLY,218.8,-101.2,0.5,,
20:31:03.301,10.3,MANUAL,0,0,0.0,0.0,0.0,4.17,6.89,LEFT_LANE_ONLY,218.2,-101.8,0.5,,
20:31:04.374,10.5,MANUAL,0,0,0.0,0.0,0.0,4.17,6.89,LEFT_LANE_ONLY,219.2,-100.8,0.5,,
20:31:05.443,10.6,MANUAL,0,0,0.0,0.0,0.0,4.17,6.89,LEFT_LANE_ONLY,219.3,-100.7,0.5,,
20:31:06.530,8.5,MANUAL,0,0,0.0,0.0,0.0,4.17,6.89,LEFT_LANE_ONLY,219.2,-100.8,0.5,,
20:31:07.617,9.3,MANUAL,0,0,0.0,0.0,0.0,4.17,6.89,LEFT_LANE_ONLY,219.6,-100.4,0.5,,
20:31:08.673,10.6,MANUAL,0,0,0.0,0.0,0.0,4.17,6.89,LEFT_LANE_ONLY,220.1,-99.9,0.5,,
20:31:09.752,9.9,MANUAL,0,0,0.0,0.0,0.0,4.17,6.89,LEFT_LANE_ONLY,220.1,-99.9,0.5,,
20:31:10.827,10.3,MANUAL,0,0,0.0,0.0,0.0,4.17,6.89,LEFT_LANE_ONLY,220.1,-99.9,0.5,,
20:31:11.885,10.8,MANUAL,0,0,0.0,0.0,0.0,4.17,6.89,LEFT_LANE_ONLY,220.0,-100.0,0.5,,
20:31:12.942,10.2,MANUAL,0,0,0.0,0.0,0.0,4.17,6.89,LEFT_LANE_ONLY,220.3,-99.7,0.5,,
20:31:14.005,10.1,MANUAL,0,0,0.0,0.0,0.0,4.17,6.89,LEFT_LANE_ONLY,220.5,-99.5,0.5,,
20:31:15.068,10.5,MANUAL,0,0,0.0,0.0,0.0,4.17,6.89,LEFT_LANE_ONLY,220.6,-99.4,0.5,,
20:31:16.131,10.7,MANUAL,0,0,0.0,0.0,0.0,4.17,6.89,LEFT_LANE_ONLY,221.0,-99.0,0.5,,
20:31:17.167,10.9,MANUAL,0,0,0.0,0.0,0.0,4.17,6.89,LEFT_LANE_ONLY,221.0,-99.0,0.5,,
20:31:18.221,10.6,MANUAL,0,0,0.0,0.0,0.0,4.17,6.89,LEFT_LANE_ONLY,221.0,-99.0,0.5,,
20:31:19.286,10.4,MANUAL,0,0,0.0,0.0,0.0,4.17,6.89,LEFT_LANE_ONLY,220.8,-99.2,0.5,,
20:31:20.359,10.0,MANUAL,0,0,0.0,0.0,0.0,4.17,6.89,LEFT_LANE_ONLY,220.9,-99.1,0.5,,
20:31:21.409,10.6,MANUAL,0,0,0.0,0.0,0.0,4.17,6.89,LEFT_LANE_ONLY,221.0,-99.0,0.5,,
20:31:22.474,10.5,MANUAL,0,0,0.0,0.0,0.0,4.17,6.89,LEFT_LANE_ONLY,221.4,-98.6,0.5,,
20:31:23.542,10.5,MANUAL,0,0,0.0,0.0,0.0,4.17,6.89,LEFT_LANE_ONLY,221.5,-98.5,0.5,,
20:31:24.612,10.8,MANUAL,0,0,0.0,0.0,0.0,4.17,6.89,LEFT_LANE_ONLY,221.6,-98.4,0.5,,
20:31:25.650,10.5,MANUAL,0,0,0.0,0.0,0.0,4.17,6.89,LEFT_LANE_ONLY,221.7,-98.3,0.5,,
20:31:26.711,10.8,MANUAL,0,0,0.0,0.0,0.0,4.17,6.89,LEFT_LANE_ONLY,221.6,-98.4,0.5,,
20:31:27.789,10.7,MANUAL,0,0,0.0,0.0,0.0,4.17,6.89,LEFT_LANE_ONLY,220.6,-99.4,0.5,,
20:31:28.850,10.1,MANUAL,0,0,0.0,0.0,0.0,4.17,6.89,LEFT_LANE_ONLY,219.1,-100.9,0.5,,
